Park Name,City,Zip Code,City Cast Rating,Park Management,Location,Bathrooms,Pool,Pond,Grills,Pavillion,Gardens,Baseball Diamond,Softball Diamond,Toddler Friendly Play Area,Kid Play Area,Off Leash Dog Area,Water Fountain,Splash Pad,Skate Park,Basketball Court,Disc Golf,Beach Volleyball Court,Volleyball Court,Soccer Field,River or Stream,Tennis Courts,Pickleball Courts,Fitness Area,latitude,longitude,Additional Notes,Futsal Court,Lighting After Dark,Picnic Tables
11th Ave Park,Salt Lake City,84103,5,Its City,"https://www.google.com/maps/dir/?api=1&destination=40.78278559200004,-111.86113082599996",No,No,No,No,No,No,No,No,No,Yes,No,Yes,No,No,Yes,No,No,No,Yes,No,Yes,Yes,No,40.78278559200004,-111.86113082599996,"There’s a cricket pitch!! Port-a-potties. Good trees for hammocking. 10/10 views — you can even see the GSL. Incredible fun little tiny train network within the park, too.",No,No,Yes
17th South River Park,Salt Lake City,84104,2,Its City,"https://www.google.com/maps/dir/?api=1&destination=40.73400892800004,-111.92497763099999",Yes,No,No,No,No,No,No,No,No,Yes,No,Yes,No,No,No,No,No,No,Yes,Yes,No,No,No,40.73400892800004,-111.92497763099999,"Fortunately, a brand new Glendale Regional Park is in progress across the street. I do love to see a free soccer setup though! ",No,No,No
6400 Mini Park ,West Jordan,84081,2,Its City,"https://www.google.com/maps/dir/?api=1&destination=40.60898000000003,-112.04488299999997",No,No,No,No,Yes,No,No,No,No,Yes,No,No,No,No,No,No,No,No,No,No,No,No,No,40.60898000000003,-112.04488299999997,,No,No,Yes
9th South River Park,Salt Lake City,84104,3,Its City,"https://www.google.com/maps/dir/?api=1&destination=40.750526627000056,-111.92058743199999",Mysteriously locked,No,No,No,No,No,No,No,No,No,No,Yes,No,No,No,No,No,No,No,No,No,No,No,40.750526627000056,-111.92058743199999,Big grassy fields for play.,No,No,Yes
Adams Street Park,Midvale,84047,1,Its City,"https://www.google.com/maps/dir/?api=1&destination=40.60356543200004,-111.90363562499999",No,No,No,No,No,No,No,No,No,No,Yes,No,No,No,No,No,No,No,No,No,No,No,No,40.60356543200004,-111.90363562499999,"Long stretch of grass next to the highway, with a small off leash dog area. Could be elevated with some amenities and more trees! ",No,Yes,No
Akagi Park,Draper,84020,2,Its City,"https://www.google.com/maps/dir/?api=1&destination=40.50826095800005,-111.85154224499996",No,No,No,No,No,No,No,No,No,Yes,No,No,No,No,No,No,No,No,No,No,No,No,No,40.50826095800005,-111.85154224499996,,No,No,No
Alta Canyon Park,Sandy,84092,5,Its City,"https://www.google.com/maps/dir/?api=1&destination=40.57764504000005,-111.83544347899999",Yes,Yes,No,Yes,Yes,No,Yes,No,No,Yes,No,Yes,No,No,No,No,No,Yes,Yes,No,Yes,Yes,Yes,40.57764504000005,-111.83544347899999,Some amenities are inside the Sports Center on the park grounds.,No,Yes,Yes
Alzheimer’s Grove,Salt Lake City,84104,3,Its City,"https://www.google.com/maps/dir/?api=1&destination=40.76359010700003,-111.92513210999999",No,No,No,No,No,No,No,No,No,No,No,No,No,No,No,No,No,No,No,Yes,No,No,No,40.76359010700003,-111.92513210999999,"Let’s get real on the Jordan River Trail. Alzheimer’s is a fearful diagnosis — and really hard on caretakers. Which is why I love that Alzheimer’s Wildlife Grove was dedicated as a quiet, serene respite for loved ones of Alzheimer’s patients.",No,No,Yes
Amber Crest Mini Park ,Draper,84020,2,Its City,"https://www.google.com/maps/dir/?api=1&destination=40.475571143000025,-111.84585883399996",No,No,No,No,No,No,No,No,No,Yes,No,No,No,No,No,No,No,No,No,No,No,No,No,40.475571143000025,-111.84585883399996,,No,No,No
Amphitheater Park,Sandy,84094,4,Its City,"https://www.google.com/maps/dir/?api=1&destination=40.580516128000056,-111.85434956799998",Yes,No,No,No,Yes,No,No,No,No,Yes,No,Yes,Yes,No,No,No,No,No,No,No,No,No,No,40.580516128000056,-111.85434956799998,The little park at the Sandy Ampitheater has great views for a grassy sunset picnic! A cute splash pad with a running creek and shaded seating area for guardians.,No,Yes,Yes
Antczak Park,Cottonwood Heights,84121,4,Its City,"https://www.google.com/maps/dir/?api=1&destination=40.62030909600003,-111.83763739899996",Yes,No,No,Yes,Yes,No,Yes,No,No,Yes,No,Yes,No,No,No,No,No,No,No,No,No,No,No,40.62030909600003,-111.83763739899996,"Basketball nets in the parking lot, but no court.",No,No,Yes
Apple Orchard Park,Draper,84020,3,Its City,"https://www.google.com/maps/dir/?api=1&destination=40.50892584300004,-111.84467823199998",No,No,No,No,No,No,No,No,Yes,Yes,No,No,No,No,No,No,No,No,No,No,No,No,No,40.50892584300004,-111.84467823199998,,No,No,Yes
Arches Park,Herriman,84096,4,Its City,"https://www.google.com/maps/dir/?api=1&destination=40.531346015000054,-112.02178078199995",Yes,No,No,No,Yes,Yes,No,No,Yes,Yes,No,Yes,No,No,No,No,No,No,Yes,No,No,No,No,40.531346015000054,-112.02178078199995,Beautiful new playground!,No,No,Yes
Arrowhead Park,Murray,84123,3,Its City,"https://www.google.com/maps/dir/?api=1&destination=40.666865647000066,-111.90832347699995",Yes,No,No,No,No,No,No,No,No,No,No,Yes,No,No,No,No,No,No,No,Yes,No,No,No,40.666865647000066,-111.90832347699995,Little turn off the Jordan River Trail with picnic tables.,No,No,Yes
Artesian Well Park,Salt Lake City,84102,5,Its City,"https://www.google.com/maps/dir/?api=1&destination=40.75165623400005,-111.87684990199995",No,No,No,No,No,No,No,No,No,No,No,Yes,No,No,No,No,No,No,No,No,No,No,No,40.75165623400005,-111.87684990199995,Such a treasure in our city — a 24hr fresh water dispatch for all to share.,No,Yes,No
Artistry Lane Park,Herriman,84096,3,Its City,"https://www.google.com/maps/dir/?api=1&destination=40.50324166100006,-112.02745520299999",No,No,No,No,No,No,No,No,No,No,No,No,No,No,No,No,No,No,No,No,No,No,No,40.50324166100006,-112.02745520299999,New playground going in! ,No,No,No
Ascot Downs Park ,South Jordan,84009,3,Its City,"https://www.google.com/maps/dir/?api=1&destination=40.56608590500008,-111.98902906699999",No,No,No,Yes,Yes,No,No,No,No,Yes,No,Yes,No,No,No,No,No,No,No,No,No,No,No,40.56608590500008,-111.98902906699999,,No,No,Yes
Aspen Meadows Park,Sandy,84092,4,Its City,"https://www.google.com/maps/dir/?api=1&destination=40.57319427500005,-111.83188213299997",No,No,No,No,Yes,No,No,No,No,Yes,No,No,No,No,No,No,No,No,No,No,No,No,No,40.57319427500005,-111.83188213299997,Called the Fish Park because part of the playground equipment looks like a fish. Looks like a great sledding hill in the winter.,No,No,Yes
Autumn Dusk Park,Herriman,84096,3,Its City,"https://www.google.com/maps/dir/?api=1&destination=40.49777036200004,-112.02956570299995",No,No,No,No,Yes,No,No,No,Yes,Yes,No,No,No,No,No,No,No,No,No,No,No,No,No,40.49777036200004,-112.02956570299995,Cute secret playground with lots of grass to run around in.,No,No,Yes
Autumn Hills Park,Riverton,84096,3,Its City,"https://www.google.com/maps/dir/?api=1&destination=40.50680757200007,-112.02053691599997",Yes,No,No,No,Yes,No,No,No,No,Yes,No,Yes,No,No,No,No,No,No,Yes,No,No,No,No,40.50680757200007,-112.02053691599997,Multiple soccer fields! ,No,No,Yes
Autumn Park,Draper,84020,2,Its City,"https://www.google.com/maps/dir/?api=1&destination=40.46262458000007,-111.82829720699999",No,No,No,No,No,No,No,No,No,No,No,Yes,No,No,Yes,No,No,No,No,No,No,No,No,40.46262458000007,-111.82829720699999,,No,No,Yes
Azure Meadows Park,Taylorsville,84129,3,Salt Lake County,"https://www.google.com/maps/dir/?api=1&destination=40.64144647400008,-111.98380941099998",No,No,No,No,No,No,No,No,No,Yes,No,No,No,No,No,No,No,No,No,No,No,No,No,40.64144647400008,-111.98380941099998,Cute pocket park for kids or play or a picnic.,No,Yes,Yes
Back Nine Park,West Valley City,84120,3,Its City,"https://www.google.com/maps/dir/?api=1&destination=40.707267272000024,-111.98626555999999",No,No,No,No,No,No,No,No,Yes,Yes,No,Yes,No,No,No,No,No,No,No,Yes,No,No,No,40.707267272000024,-111.98626555999999,"This park backs up to a golf course. The stream is behind a locked fence, but a determined kid could get back there if unsupervised.",No,Yes,No
Ballard Corner Memorial Park ,Draper,84020,2,Its City,"https://www.google.com/maps/dir/?api=1&destination=40.51186768100007,-111.86585429199994",No,No,No,No,No,Yes,No,No,No,No,No,No,No,No,No,No,No,No,No,No,No,No,No,40.51186768100007,-111.86585429199994,,No,No,No
Ballpark Playground ,Salt Lake City,84115,3,Its City,"https://www.google.com/maps/dir/?api=1&destination=40.734816746000035,-111.89401288199997",No,No,No,No,No,No,No,No,No,Yes,No,No,No,No,No,No,No,No,No,No,No,No,No,40.734816746000035,-111.89401288199997,,No,No,No
Barney’s Creek Park ,West Jordan,84081,3,Its City,"https://www.google.com/maps/dir/?api=1&destination=40.605817571000046,-112.00660114499999",No,No,No,Yes,Yes,No,No,No,No,Yes,No,No,No,No,Yes,No,No,No,No,No,No,No,No,40.605817571000046,-112.00660114499999,,No,Yes,Yes
Basin Park,South Jordan,84009,4,Daybreak HOA,"https://www.google.com/maps/dir/?api=1&destination=40.565522471000065,-112.01377784199997",No,No,No,No,No,No,No,No,No,No,No,No,No,No,No,No,No,No,No,No,No,No,No,40.565522471000065,-112.01377784199997,"4-stars for the fire pit with Adirondack chairs. Otherwise, could use some amenities.  ",No,No,Yes
Beargrass Park,West Jordan,84081,3,Its City,"https://www.google.com/maps/dir/?api=1&destination=40.62909704600003,-112.01271603199996",No,No,No,No,Yes,No,No,No,Yes,Yes,No,No,No,No,No,No,No,No,No,No,No,No,No,40.62909704600003,-112.01271603199996,,No,Yes,Yes
Beatrice Evans Park,Salt Lake City,84105,3,Its City,"https://www.google.com/maps/dir/?api=1&destination=40.74895766600008,-111.85452064799995",No,No,No,No,No,No,No,No,No,No,No,No,No,No,No,No,No,No,No,No,No,No,No,40.74895766600008,-111.85452064799995,"Kudos for making the most of this little median, adding park benches and charm.",No,No,No
Beckstead Park,South Jordan,84095,2,Its City,"https://www.google.com/maps/dir/?api=1&destination=40.556555193000065,-111.93673159399998",No,No,No,No,No,No,No,No,No,Yes,No,No,No,No,No,No,No,No,No,No,No,No,No,40.556555193000065,-111.93673159399998,,No,No,No
Bell Canyon Park,Sandy,84092,4,Its City,"https://www.google.com/maps/dir/?api=1&destination=40.54364790300008,-111.84388027699998",Yes,No,No,No,Yes,No,Yes,No,No,Yes,No,Yes,No,No,No,No,No,No,No,No,Yes,No,No,40.54364790300008,-111.84388027699998,The rare shaded tennis court! 2 big make-what-you-want-of-them fields.,No,No,Yes
Bellevue Park,Draper,84020,3,Its City,"https://www.google.com/maps/dir/?api=1&destination=40.510899272000074,-111.87119027099999",Yes,No,No,No,Yes,No,Yes,No,Yes,Yes,No,Yes,No,No,No,No,No,No,No,No,No,No,No,40.510899272000074,-111.87119027099999,,No,No,Yes
Bend in the River ,Salt Lake City,84104,2,Its City,"https://www.google.com/maps/dir/?api=1&destination=40.74410694300008,-111.92112897799996",No,No,No,No,No,No,No,No,No,No,No,No,No,No,No,No,No,No,No,Yes,No,No,No,40.74410694300008,-111.92112897799996,Little nook along the Jordan River with an urban treehouse and pirate ship-esque bridge.,No,No,No
Bennion Park,Taylorsville,84129,2,Salt Lake County,"https://www.google.com/maps/dir/?api=1&destination=40.64829497000005,-111.96816080299999",No,No,No,Yes,Yes,No,No,No,Yes,Yes,No,No,No,No,No,No,No,No,No,No,No,No,No,40.64829497000005,-111.96816080299999,Giant bowl-shaped field where you could run your dog. Thought it’s not fenced or technically an off leash area.,No,No,Yes
Berry Hill Park,Cottonwood Heights,84121,3,Its City,"https://www.google.com/maps/dir/?api=1&destination=40.629607804000045,-111.81641831199994",No,No,No,No,No,No,No,No,No,No,No,No,No,No,No,Yes,No,No,No,No,No,No,No,40.629607804000045,-111.81641831199994,A bowl like park good for throwing frisbees or a picnic. A few benches at the top and a frisbee golf target.,No,No,No
Bicentennial Park,Sandy,84070,4,Its City,"https://www.google.com/maps/dir/?api=1&destination=40.59371668500006,-111.87684887299997",Yes,No,No,Yes,Yes,Yes,No,Yes,No,Yes,No,Yes,No,No,Yes,No,Yes,No,No,No,Yes,No,No,40.59371668500006,-111.87684887299997,2 softball diamonds. Connected to the Sandy rec center. BYO volleyball net. Community garden just behind the east baseball diamond.,No,Yes,Yes
Bicentennial Park,West Jordan,84084,4,Its City,"https://www.google.com/maps/dir/?api=1&destination=40.62437600000004,-111.94175699999994",No,No,No,No,Yes,No,No,No,No,No,No,No,No,No,No,No,No,No,No,No,No,No,No,40.62437600000004,-111.94175699999994,,No,No,Yes
Bickley Park,South Salt Lake,84106,5,Its City,"https://www.google.com/maps/dir/?api=1&destination=40.71566943300007,-111.87693295599996",Yes,No,No,No,No,Yes,No,No,Yes,Yes,No,Yes,No,No,No,No,No,No,No,No,No,Yes,Yes,40.71566943300007,-111.87693295599996,"This park rules. It has a mister, cornhole, table tennis, seesaws, xylophone, drums, and a big grassy area for play.",No,No,Yes
Big Bear Park,White City,84094,5,Salt Lake County,"https://www.google.com/maps/dir/?api=1&destination=40.57546270600005,-111.86559640299998",Yes,No,No,No,Yes,No,Yes,No,Yes,Yes,No,Yes,No,No,No,No,Yes,No,Yes,No,Yes,No,No,40.57546270600005,-111.86559640299998,"4 soccer fields and 2 baseball diamonds. Great kids area: astroturf, a wild net feature to climb, and a zip line! BYO volleyball net.",No,Yes,Yes
Big Bend Park,Herriman,84096,3,Its City,"https://www.google.com/maps/dir/?api=1&destination=40.52711312800005,-112.02839583199994",No,No,No,No,Yes,No,No,No,No,No,No,No,No,No,No,No,Yes,No,No,No,No,Yes,No,40.52711312800005,-112.02839583199994,A trio of amenities including a Gaga (?) Ball pit ,No,No,Yes
Big Cottonwood Park – Creekside Area,Holladay,84117,4,Salt Lake County,"https://www.google.com/maps/dir/?api=1&destination=40.667026219000036,-111.84656525899999",Yes,No,No,No,Yes,No,No,No,No,Yes,No,Yes,No,No,No,Yes,Yes,No,No,Yes,No,No,No,40.667026219000036,-111.84656525899999,This has to be the most incredible disc golf course in the county (even a thoughtful mid-course port-o-potty) that follows a flowing river. This is where I learned a Utahn invented the frisbee? There's also beach volleyball and a pavilion that looks like ,No,No,Yes
Big Cottonwood Park – Holladay Lions Area,Millcreek,84117,5,Salt Lake County,"https://www.google.com/maps/dir/?api=1&destination=40.66887559200006,-111.84792848099994",Yes,No,No,No,Yes,No,Yes,No,No,No,Yes,Yes,No,No,No,No,No,No,No,Yes,No,No,No,40.66887559200006,-111.84792848099994,"What a stunning, natural retreat between two major highways. Also featuring: horses to pet, a fox sanctuary, and some beekeeping. These trails are stunning for a jog or walking the dog. The kids play area has been taken down, I wonder if a new one will ar",No,No,Yes
Big Cottonwood Regional Park - Big Cottonwood Area,Millcreek,84117,4,Salt Lake County,"https://www.google.com/maps/dir/?api=1&destination=40.67640031600007,-111.85417516899997",Yes,No,No,No,Yes,No,Yes,Yes,No,Yes,No,Yes,No,No,No,No,No,Yes,No,No,No,No,No,40.67640031600007,-111.85417516899997,"Enormous park. Shuffleboard! Horseshoes! BYO volleyball net. So much field space for play. Great running path. Not sure the softball complex is publicly accessible, you might have to reserve it. There is one free baseball diamond though. I like how many l",No,No,Yes
Big Cottonwood Regional Park - Hillview Area,Millcreek,84124,3,Salt Lake County,"https://www.google.com/maps/dir/?api=1&destination=40.68031306800003,-111.86545322799998",No,No,No,No,No,No,No,No,No,No,No,No,No,No,No,No,No,No,No,No,No,No,No,40.68031306800003,-111.86545322799998,"Lovely open space, but no public access. Just views and horses.",No,No,No
Bingham Creek,South Jordan,84009,4,Salt Lake County,"https://www.google.com/maps/dir/?api=1&destination=40.56627327100006,-112.005546832",Yes,No,No,No,Yes,No,No,No,Yes,Yes,No,Yes,No,No,Yes,No,No,No,No,No,No,No,No,40.56627327100006,-112.005546832,Huge open space. Potential growth. ,No,No,Yes
Bingham Junction Park,Midvale,84047,3,Its City,"https://www.google.com/maps/dir/?api=1&destination=40.62663142900004,-111.91716515299998",Yes,No,No,No,Yes,No,Yes,No,No,Yes,No,Yes,No,No,Yes,No,No,No,No,Yes,No,No,No,40.62663142900004,-111.91716515299998,Beautiful mountain views and a short little running path.,No,Yes,Yes
Blackpowder Park ,Herriman,84096,2,Its City,"https://www.google.com/maps/dir/?api=1&destination=40.529033337000044,-111.99963989899999",No,No,No,No,No,No,No,No,No,Yes,No,No,No,No,No,No,No,No,No,No,No,No,No,40.529033337000044,-111.99963989899999,,No,No,No
Blaine Preserve ,Salt Lake City,84105,3,Its City,"https://www.google.com/maps/dir/?api=1&destination=40.731796717000066,-111.84755737899997",No,No,No,No,No,No,No,No,No,No,No,No,No,No,No,No,No,No,No,Yes,No,No,No,40.731796717000066,-111.84755737899997,"A cute little stream but ultimately, less offered here than at Miller Bird Refuge. Though it’s right next door to Christmas Street!",No,No,No
Bloomfield Heights Park,West Jordan,84081,2,Its City,"https://www.google.com/maps/dir/?api=1&destination=40.60372833800005,-112.04076458999998",No,No,No,No,No,No,No,No,No,Yes,No,No,No,No,No,No,No,No,No,No,No,No,No,40.60372833800005,-112.04076458999998,,No,Yes,No
Bluffdale City Park,Bluffdale,84065,3,Its City,"https://www.google.com/maps/dir/?api=1&destination=40.489665294000076,-111.95217655399995",Yes,No,No,No,Yes,No,No,No,No,Yes,No,Yes,No,No,Yes,No,No,Yes,No,No,No,No,No,40.489665294000076,-111.95217655399995,"Add a rock to the painted rock snake! Heads up: it’s BYO volleyball net, but the infrastructure is there. So is the rodeo arena! There’s a stage and some Wild West-esque wooden storefronts. Needs more trees!",No,No,Yes
Bluffdale Heights Park,Bluffdale,84065,1,Its City,"https://www.google.com/maps/dir/?api=1&destination=40.47650696200003,-111.90913997399997",No,No,No,No,No,No,No,No,No,Yes,No,No,No,No,No,No,No,No,No,No,No,No,No,40.47650696200003,-111.90913997399997,,No,No,Yes
Bolton Park,South Jordan,84095,4,Its City,"https://www.google.com/maps/dir/?api=1&destination=40.56734586400006,-111.99592869399999",No,No,No,No,No,No,No,No,No,Yes,No,No,No,No,No,No,No,No,No,No,No,No,No,40.56734586400006,-111.99592869399999,,No,No,No
Boulder Park,South Jordan,84009,4,Daybreak HOA,"https://www.google.com/maps/dir/?api=1&destination=40.560387785000046,-111.99852253399996",No,No,No,No,No,Yes,No,No,No,Yes,No,Yes,No,No,No,No,No,No,No,No,No,No,No,40.560387785000046,-111.99852253399996,,No,No,No
Bowery Park,South Jordan,84009,3,Daybreak HOA,"https://www.google.com/maps/dir/?api=1&destination=40.557745444000034,-111.99867148999999",No,No,No,Yes,Yes,No,No,No,No,Yes,No,Yes,No,No,No,No,No,No,No,No,No,No,No,40.557745444000034,-111.99867148999999,,No,No,Yes
Bowstring Park,South Jordan,84095,3,Daybreak HOA,"https://www.google.com/maps/dir/?api=1&destination=40.56076432400005,-112.01333833199999",No,No,No,No,No,No,No,No,No,Yes,No,No,No,No,No,No,No,No,No,No,No,No,No,40.56076432400005,-112.01333833199999,Sandy playgrounds make falling more fun! ,No,Yes,Yes
Brickerhaven III Park,Draper,84020,1,Its City,"https://www.google.com/maps/dir/?api=1&destination=40.51245582200005,-111.89803197099997",No,No,No,No,No,No,No,No,No,No,No,No,No,No,No,No,No,No,No,No,No,No,No,40.51245582200005,-111.89803197099997,This is just a grassy area that is smaller than the home lots in the neighborhood. ,No,No,No
Bridle Farms Park,West Valley City,84128,2,Its City,"https://www.google.com/maps/dir/?api=1&destination=40.69833798600007,-112.05348304099999",No,No,No,No,No,No,No,No,No,Yes,No,No,No,No,No,No,No,No,No,No,No,No,No,40.69833798600007,-112.05348304099999,,No,Yes,No
Brigadoon Park,West Jordan,84088,3,Its City,"https://www.google.com/maps/dir/?api=1&destination=40.581825571000024,-111.93278795699996",No,No,No,No,Yes,No,No,No,No,Yes,No,Yes,No,No,No,No,No,No,No,No,No,No,No,40.581825571000024,-111.93278795699996,,No,No,Yes
Brigham Young Historic Park,Salt Lake City,84150,3,Its City,"https://www.google.com/maps/dir/?api=1&destination=40.771608257000025,-111.88814660699995",No,No,No,No,No,Yes,No,No,No,No,No,No,No,No,No,No,No,No,No,No,No,No,No,40.771608257000025,-111.88814660699995,"It’s unfortunate that the most charming part of this park is gated. But when the gates are open for summer concerts, etc. it can be delightful! The big fields around the gated area are good for a picnic or quick dog frisbee toss.",No,No,No
Brookside Park,South Jordan,84095,5,Daybreak HOA,"https://www.google.com/maps/dir/?api=1&destination=40.56107094200007,-112.00708212599994",Yes,Yes,Yes,Yes,No,No,No,No,Yes,Yes,No,Yes,No,No,Yes,No,Yes,Yes,Yes,Yes,No,No,No,40.56107094200007,-112.00708212599994,"Lots of great features, well-loved by the community. ",No,No,Yes
Browns Meadow Park,West Jordan,84088,4,Its City,"https://www.google.com/maps/dir/?api=1&destination=40.58524190800006,-111.95341252999998",Yes,No,No,No,Yes,No,No,No,No,Yes,No,Yes,No,No,Yes,No,No,No,No,No,Yes,Yes,No,40.58524190800006,-111.95341252999998,Love the gender neutral bathrooms! Very accessible ,No,Yes,Yes
Bruce Field,Kearns,84118,3,Its City,"https://www.google.com/maps/dir/?api=1&destination=40.66439127700005,-111.99377072199997",Yes,No,No,No,No,No,No,No,No,Yes,No,Yes,No,No,No,No,No,No,No,No,No,No,No,40.66439127700005,-111.99377072199997,Cute little field for play and playground.,No,Yes,No
Bubbling Brook Park,Draper,84020,1,Its City,"https://www.google.com/maps/dir/?api=1&destination=40.53778546600006,-111.90156652899998",No,No,No,No,No,No,No,No,No,No,No,No,No,No,No,No,No,No,No,No,No,No,No,40.53778546600006,-111.90156652899998,"There is a fence around the park and it looks like there are improvements in the works, but right now there is nothing there. ",No,No,No
Butler Park,Cottonwood Heights,84121,3,Salt Lake County,"https://www.google.com/maps/dir/?api=1&destination=40.61549813700003,-111.81539254099994",Yes,Yes,No,Yes,Yes,No,No,No,No,Yes,No,No,No,Yes,Yes,No,No,No,No,No,No,Yes,No,40.61549813700003,-111.81539254099994,"This is a soccer park! Soccer nets everywhere. Lots of field space for play, saw some people with spike ball.",No,Yes,Yes
Buttercup Park,Sandy,84092,3,Its City,"https://www.google.com/maps/dir/?api=1&destination=40.56830579000007,-111.84870685899995",Yes,No,No,No,Yes,No,No,Yes,No,Yes,No,Yes,No,No,Yes,No,No,No,Yes,No,Yes,No,No,40.56830579000007,-111.84870685899995,"The two hoop basketball court is not full size. 

The park just got a new playground area last summer (June I believe). It is more fun, but less little kid friendly. ",No,No,Yes
Bywater Park ,Cottonwood Heights,84121,5,Salt Lake County,"https://www.google.com/maps/dir/?api=1&destination=40.61738549000006,-111.80431250099997",Yes,No,No,Yes,Yes,No,Yes,Yes,Yes,Yes,No,Yes,No,No,No,No,No,No,No,No,Yes,No,No,40.61738549000006,-111.80431250099997,Lots of grass for chilling. Softball and baseball field and a batting cage. ,No,Yes,Yes
Callendar Square,South Jordan,84095,3,Its City,"https://www.google.com/maps/dir/?api=1&destination=40.53906013300008,-111.99866202199996",No,No,No,No,No,No,No,No,No,No,No,No,No,No,No,No,No,No,No,No,No,No,No,40.53906013300008,-111.99866202199996,Grassy area with jogging paths ,No,Yes,No
Camelot Park,West Jordan,84084,4,Its City,"https://www.google.com/maps/dir/?api=1&destination=40.61942925200003,-111.94411483599998",No,No,No,No,Yes,No,No,No,Yes,Yes,No,Yes,No,No,No,No,No,No,No,No,No,No,No,40.61942925200003,-111.94411483599998,,No,No,Yes
Canyon Rim Park,Millcreek,84109,4,Salt Lake County,"https://www.google.com/maps/dir/?api=1&destination=40.70375966700004,-111.80550686799995",Yes,No,No,No,Yes,No,Yes,No,Yes,Yes,No,Yes,No,No,No,No,No,No,No,No,No,No,No,40.70375966700004,-111.80550686799995,"Great big field for play. A few lovely, shady picnic areas. A sandbox?! Couldn't find a recycling bin, though.",No,Yes,Yes
Canyonview Park,Riverton,84096,4,Its City,"https://www.google.com/maps/dir/?api=1&destination=40.52847161400007,-111.99495220899996",Yes,No,No,No,Yes,No,No,No,Yes,Yes,No,Yes,No,No,Yes,No,No,No,Yes,No,No,No,No,40.52847161400007,-111.99495220899996,"Brand new, colorful playground with shade. Multiple soccer fields!",No,No,Yes
Canyonview Southeast Park,Riverton,84096,2,Its City,"https://www.google.com/maps/dir/?api=1&destination=40.52451821900007,-111.99436593399997",No,No,No,No,No,No,No,No,No,Yes,No,No,No,No,No,No,No,No,No,No,No,No,No,40.52451821900007,-111.99436593399997,,No,No,No
Castlewood Park,Riverton,84065,4,Its City,"https://www.google.com/maps/dir/?api=1&destination=40.51609170100005,-111.97053907899999",No,No,No,No,No,No,No,No,Yes,Yes,No,Yes,No,No,No,No,No,No,No,No,No,No,No,40.51609170100005,-111.97053907899999,,No,No,Yes
Cedar Brae Park,Riverton,84065,1,Its City,"https://www.google.com/maps/dir/?api=1&destination=40.52081097300004,-111.96741735099994",No,No,No,No,No,No,No,No,No,No,No,No,No,No,No,No,No,No,No,No,No,No,No,40.52081097300004,-111.96741735099994,"Right now it’s just an empty mulched area, hopefully a playground is to come!",No,No,No
Centennial Park,Riverton,84065,3,Its City,"https://www.google.com/maps/dir/?api=1&destination=40.51529070000004,-111.95777314999998",Yes,No,No,No,Yes,No,Yes,Yes,No,Yes,No,Yes,No,No,No,No,No,No,No,No,No,No,No,40.51529070000004,-111.95777314999998,"Giant field where you could play soccer, football, etc., but no goals or markings.",No,No,Yes
Centennial Park,West Valley City,84120,4,Its City,"https://www.google.com/maps/dir/?api=1&destination=40.70169100000004,-112.01996999999994",Yes,Yes,No,Yes,Yes,No,Yes,No,No,Yes,No,Yes,No,Yes,Yes,No,No,No,Yes,No,Yes,Yes,No,40.70169100000004,-112.01996999999994,"6 basketball courts, 12 Pickleball courts, a really fun pool, full of families with a great soundtrack. Even has a BMX track and a rock garden to play with RC crawlers.",Yes,Yes,Yes
Central Park ,South Salt Lake,84115,4,Its City,"https://www.google.com/maps/dir/?api=1&destination=40.71104260200008,-111.88532770599994",Mysteriously locked,No,No,No,Yes,Yes,Yes,No,Yes,Yes,No,Yes,No,No,Yes,No,No,No,No,No,No,Yes,No,40.71104260200008,-111.88532770599994,Nice hand washing station with a water bottle refill! Community garden and lovely grass space.,No,Yes,Yes
Chamonix Park,Riverton,84065,3,Its City,"https://www.google.com/maps/dir/?api=1&destination=40.50410790900003,-111.97201513199997",No,No,No,No,No,No,No,No,No,Yes,No,No,No,No,Yes,No,No,No,No,No,No,No,No,40.50410790900003,-111.97201513199997,Unfortunately the pool next door is private :(,No,No,No
City Creek Park,Salt Lake City,84103,4,Its City,"https://www.google.com/maps/dir/?api=1&destination=40.775540600000056,-111.88813405899998",No,No,No,No,No,Yes,No,No,No,No,No,Yes,No,No,No,No,No,No,No,Yes,No,No,No,40.775540600000056,-111.88813405899998,"Really charming shady nook at a huge SLC intersection. Perfect for a lunch break, picnic, or to DTR.",No,Yes,No
City Hall Park,Riverton,84065,3,Its City,"https://www.google.com/maps/dir/?api=1&destination=40.51735990100008,-111.94108148499998",Yes,No,No,No,Yes,No,No,No,Yes,Yes,No,No,No,No,No,No,No,No,No,No,No,No,No,40.51735990100008,-111.94108148499998,,No,No,Yes
Clover Leaf Mini Park,Draper,84020,2,Its City,"https://www.google.com/maps/dir/?api=1&destination=40.47651656000005,-111.83997211999997",No,No,No,No,No,No,No,No,Yes,Yes,No,No,No,No,No,No,No,No,No,No,No,No,No,40.47651656000005,-111.83997211999997,,No,No,No
Colonial Estates Park,West Jordan,84084,4,Its City,"https://www.google.com/maps/dir/?api=1&destination=40.625976165000054,-111.94465945999997",No,No,No,No,Yes,No,No,No,Yes,Yes,No,No,No,No,Yes,No,No,No,No,No,No,No,No,40.625976165000054,-111.94465945999997,,No,Yes,Yes
Confluence Park,Murray,84123,3,Its City,"https://www.google.com/maps/dir/?api=1&destination=40.667685439000024,-111.90804127599995",No,No,No,No,No,No,No,No,No,No,No,No,No,No,No,No,No,No,No,Yes,No,No,No,40.667685439000024,-111.90804127599995,"Quick little turn off the Jordan River for playing in grass, a picnic, or parking before embarking on the trail.",No,No,Yes
Constitution Park,Salt Lake City,84116,3,Salt Lake County,"https://www.google.com/maps/dir/?api=1&destination=40.775910260000046,-111.92579349099998",No,Yes,No,No,Yes,No,No,No,Yes,Yes,No,No,No,No,No,No,No,No,Yes,Yes,Yes,No,No,40.775910260000046,-111.92579349099998,Home to the Northwest Rec Center and right on the Jordan River Trail. The pool is indoor!,Yes,No,Yes
Constitution Park,West Jordan,84084,4,Its City,"https://www.google.com/maps/dir/?api=1&destination=40.62239000000005,-111.96883699999995",Yes,No,No,No,Yes,No,Yes,No,No,Yes,No,Yes,No,No,No,No,No,No,No,No,Yes,Yes,No,40.62239000000005,-111.96883699999995,Nice courts and facilities here!,No,Yes,Yes
Copper Creek Park,Herriman,84096,4,Its City,"https://www.google.com/maps/dir/?api=1&destination=40.53082911200005,-112.00136693799999",Yes,No,No,No,Yes,No,No,No,Yes,Yes,No,No,No,No,Yes,No,Yes,No,Yes,No,No,No,No,40.53082911200005,-112.00136693799999,Two soccer fields,No,No,Yes
Copperton Park,Copperton,84006,4,Salt Lake County,"https://www.google.com/maps/dir/?api=1&destination=40.56329339500007,-112.09828220999998",Yes,No,No,No,Yes,No,No,No,Yes,Yes,No,Yes,No,No,Yes,No,No,No,No,No,Yes,Yes,No,40.56329339500007,-112.09828220999998,"A street hockey court! I really like this city park, it’s so charming and even got new trees. I love when the picnic areas have grill tables, too.",No,Yes,Yes
Cottonwood Grove,Murray,84123,3,Its City,"https://www.google.com/maps/dir/?api=1&destination=40.64452483100007,-111.92198717699995",No,No,No,No,No,No,No,No,No,No,No,No,No,No,No,No,No,No,No,Yes,No,No,No,40.64452483100007,-111.92198717699995,Great for runners.,No,No,No
Cottonwood Park,Salt Lake City,84116,3,Its City,"https://www.google.com/maps/dir/?api=1&destination=40.77678813800003,-111.93669572899995",Mysteriously locked,No,No,No,Yes,Yes,No,No,No,Yes,Yes,Yes,No,No,Yes,No,Yes,No,No,Yes,No,No,No,40.77678813800003,-111.93669572899995,"This is a really cute park on the Jordan River Trail, but current construction is making it a little chaotic.",No,Yes,Yes
Cougar Park,West Jordan,84118,4,Salt Lake County,"https://www.google.com/maps/dir/?api=1&destination=40.63043794400005,-112.00674987399998",Yes,No,No,No,Yes,No,No,No,Yes,Yes,No,No,No,No,No,No,Yes,No,No,No,No,No,No,40.63043794400005,-112.00674987399998,"The cougar Park nature preserve was established to protect burrowing, owls, and much of the park is this area. There are horseshoes!",No,No,Yes
Country Crossing Park,South Jordan,84095,3,Its City,"https://www.google.com/maps/dir/?api=1&destination=40.53861305500004,-111.99091416599998",No,No,No,Yes,Yes,No,No,No,Yes,Yes,No,Yes,No,No,No,No,No,No,No,No,No,No,No,40.53861305500004,-111.99091416599998,Beautiful views and a large field basin for play! ,No,No,Yes
Country Meadows Park,West Valley City,84120,3,Its City,"https://www.google.com/maps/dir/?api=1&destination=40.68482092800008,-111.99010021399994",No,No,No,Yes,Yes,No,No,No,Yes,Yes,No,Yes,No,No,Yes,No,No,No,No,No,No,No,Yes,40.68482092800008,-111.99010021399994,Fun and lively neighborhood park with a great playground! ,No,Yes,Yes
Country Squire,West Jordan,84088,4,Its City,"https://www.google.com/maps/dir/?api=1&destination=40.595586284000035,-111.98032150799997",No,No,No,No,Yes,No,No,No,Yes,No,No,No,No,No,No,No,No,No,No,No,No,No,No,40.595586284000035,-111.98032150799997,,No,No,Yes
CR Hamilton Sports Complex,Riverton,84065,4,Its City,"https://www.google.com/maps/dir/?api=1&destination=40.50056429500006,-111.97983324299997",Yes,No,No,No,No,No,Yes,Yes,No,No,No,Yes,No,No,No,No,No,No,No,No,No,No,No,40.50056429500006,-111.97983324299997,"This is a true sports complex, with 6 baseball diamonds and an indoor pavilion you can reserve.",No,Yes,No
Cranberry Park,Draper,84020,3,Its City,"https://www.google.com/maps/dir/?api=1&destination=40.53949169100008,-111.88143026599994",No,No,No,No,Yes,No,No,No,Yes,Yes,No,Yes,No,No,No,No,No,No,No,No,No,No,No,40.53949169100008,-111.88143026599994,,No,No,Yes
Creek Ridge Park,Herriman,84096,3,Its City,"https://www.google.com/maps/dir/?api=1&destination=40.523775503000024,-112.04950439899994",No,No,No,No,Yes,No,No,No,Yes,Yes,No,Yes,No,No,No,No,No,No,No,No,No,No,No,40.523775503000024,-112.04950439899994,,No,No,Yes
Creekside Park,Sandy,84070,4,Its City,"https://www.google.com/maps/dir/?api=1&destination=40.580520997000065,-111.91303647799998",No,No,No,No,No,No,No,No,No,Yes,No,Yes,No,No,No,No,No,No,No,No,No,No,No,40.580520997000065,-111.91303647799998,Cute little park with a kid climbing wall.,No,No,Yes
Crescent Community Park,Sandy,84070,4,Its City,"https://www.google.com/maps/dir/?api=1&destination=40.551519720000044,-111.88524280399997",Yes,No,No,No,Yes,No,Yes,No,No,Yes,No,Yes,No,No,Yes,No,No,No,No,No,Yes,Yes,No,40.551519720000044,-111.88524280399997,Beautiful tennis and pickleball courts with mountain views ,No,Yes,Yes
Crestwood Park,Cottonwood Heights,84122,5,Salt Lake County,"https://www.google.com/maps/dir/?api=1&destination=40.61315129800005,-111.84398675899996",Yes,Yes,No,Yes,No,No,No,No,No,Yes,No,No,No,No,No,No,No,No,Yes,Yes,Yes,No,No,40.61315129800005,-111.84398675899996,Equestrian trail. Charming picnic tables with prep tables or grill bases. Really charming outdoor pool! The sound of water rushing. Natural forts to play in.,No,No,Yes
Crus Corvi Park,West Jordan,84081,4,Its City,"https://www.google.com/maps/dir/?api=1&destination=40.628317338000045,-112.01743507699996",No,No,No,No,No,No,No,No,No,Yes,No,No,No,No,No,No,No,No,No,No,No,No,No,40.628317338000045,-112.01743507699996,What a darling little corner park with lots of shade and a brand new playground.,No,No,Yes
Curtis Park,Salt Lake City,84108,2,Its City,"https://www.google.com/maps/dir/?api=1&destination=40.737744459000055,-111.82782416299995",No,No,No,No,No,No,No,No,No,Yes,No,No,No,No,No,No,No,No,No,No,No,No,No,40.737744459000055,-111.82782416299995,,No,No,No
David Gourley Park,Kearns,84118,2,Its City,"https://www.google.com/maps/dir/?api=1&destination=40.660054968000054,-111.99207422799998",Yes,No,No,No,Yes,No,No,No,Yes,Yes,No,No,No,No,No,No,Yes,No,No,No,No,No,No,40.660054968000054,-111.99207422799998,"This park could use some love, and I think it’s getting some because there was a little construction activity. BYO volleyball net! ",No,No,Yes
Davis Park,Salt Lake City,84108,4,Its City,"https://www.google.com/maps/dir/?api=1&destination=40.749367567000036,-111.83378453399996",No,No,No,No,No,No,No,No,Yes,Yes,No,Yes,No,No,No,No,No,No,No,No,No,No,No,40.749367567000036,-111.83378453399996,You know you’re in the right place when you see the giant pheasant statue. This park also has a cute sandbox! Named after a late SLC Councilmember. ,No,Yes,No
Day Ranch Park,Bluffdale,84065,5,Its City,"https://www.google.com/maps/dir/?api=1&destination=40.47275508700005,-111.92457631599996",Yes,No,No,No,Yes,No,No,No,Yes,Yes,Yes,Yes,Yes,Yes,No,No,No,No,No,No,Yes,Yes,No,40.47275508700005,-111.92457631599996,"Dog park going up across the street. Dirt bike and asphalt bike tracks as well as skatepark — this is a high level operation! Giant picnic field. Just needs more trees. Food trucks every Tuesday, pickleball league. 8 pickleball courts!! Firmly believe you",No,Yes,Yes
Daybreak Promenade,South Jordan,84009,4,Daybreak HOA,"https://www.google.com/maps/dir/?api=1&destination=40.54705401000007,-111.99474415899999",No,No,No,No,No,No,No,No,No,Yes,No,Yes,No,No,No,No,No,No,No,No,No,No,No,40.54705401000007,-111.99474415899999,There’s a small maze in the playground area!,No,Yes,No
Dayland Dog Park,Draper,84020,3,Its City,"https://www.google.com/maps/dir/?api=1&destination=40.50779570900005,-111.88197818199995",No,No,No,No,No,No,No,No,No,No,Yes,Yes,No,No,No,No,No,No,No,Yes,No,No,No,40.50779570900005,-111.88197818199995,Cute off leash dog park with a natural stream and small obstacle course.,No,No,No
Decker Lake Park,West Valley City,84119,2,Salt Lake County,"https://www.google.com/maps/dir/?api=1&destination=40.709910688000036,-111.94853276499998",No,No,Yes,No,No,No,No,No,No,No,No,No,No,No,No,No,No,No,No,No,No,Yes,No,40.709910688000036,-111.94853276499998,Big jogging path around the lake.,No,No,Yes
Deer Hollow Park,Draper,84020,3,Its City,"https://www.google.com/maps/dir/?api=1&destination=40.516241783000055,-111.84388554499998",No,No,No,No,Yes,No,No,No,No,Yes,No,No,No,No,No,No,No,No,No,No,No,No,No,40.516241783000055,-111.84388554499998,Great sledding hill and some beautiful mature trees,No,No,Yes
Deer Run Park,Draper,84020,2,Its City,"https://www.google.com/maps/dir/?api=1&destination=40.49474017600005,-111.86360168799996",No,No,No,Yes,No,No,No,No,Yes,Yes,No,No,No,No,No,No,No,No,No,No,No,No,No,40.49474017600005,-111.86360168799996,"Private park, I think. Though open to the public.",No,No,Yes
Desert Creek Park,Herriman,84096,2,Its City,"https://www.google.com/maps/dir/?api=1&destination=40.49579670900005,-112.04886564099996",No,No,No,No,No,No,No,No,No,Yes,No,No,No,No,No,No,No,No,No,No,No,No,No,40.49579670900005,-112.04886564099996,,No,No,No
Dewey Bluth Park,Sandy,84070,4,Its City,"https://www.google.com/maps/dir/?api=1&destination=40.57191090400005,-111.88652717099995",Yes,No,No,Yes,Yes,No,No,Yes,No,Yes,No,Yes,No,No,No,No,No,No,No,No,Yes,Yes,No,40.57191090400005,-111.88652717099995,"4 pickleball courts, 2 tennis courts. 
Directly connected by a sidewalk to the Sandy Civic Center Trax station. Located along the Porter Rockwell Trail (it runs along the Trax corridor), the off leash dog park is a short 3 minute walk south. ",No,No,Yes
Dimple Dell Regional Park,Sandy,84092,5,Salt Lake County,"https://www.google.com/maps/dir/?api=1&destination=40.55760928600006,-111.85335149299999",Yes,No,Yes,No,No,No,No,No,No,No,No,Yes,No,No,No,No,No,No,No,Yes,No,No,No,40.55760928600006,-111.85335149299999,"This park is my great love. Keep your dog on a leash because this is a horse park! Some new trailhead facilities mean more amenities, but this park really is for horses, hiking, and walks. You can get lost in its 630 acres (and should).",No,No,Yes
District Detention Basin Park,South Jordan,84095,1,Its City,"https://www.google.com/maps/dir/?api=1&destination=40.537006708000035,-111.97832275399998",No,No,No,No,No,No,No,No,No,No,No,No,No,No,No,No,No,No,No,No,No,No,No,40.537006708000035,-111.97832275399998,Just a grassy slice,No,No,No
Dixie Valley Park,West Jordan,84084,3,Its City,"https://www.google.com/maps/dir/?api=1&destination=40.63395818400005,-111.97737866099999",No,No,No,No,Yes,No,No,No,No,Yes,No,No,No,No,No,No,No,No,No,No,No,No,No,40.63395818400005,-111.97737866099999,,No,No,Yes
Donner Trail Park,Salt Lake City,84108,4,Its City,"https://www.google.com/maps/dir/?api=1&destination=40.747991427000045,-111.80591524699997",No,No,No,No,No,No,No,No,No,Yes,No,No,No,No,No,No,No,No,No,No,No,No,No,40.747991427000045,-111.80591524699997,"Great walking path, lots of benches, 2 playgrounds! Named after the adjacent hill scaled by the Donner Party, ultimately overworking and killing some of their oxen (they really were a mess).",No,Yes,No
Dorileee,West Jordan,84088,4,Its City,"https://www.google.com/maps/dir/?api=1&destination=40.59523337100006,-111.99752669099996",No,No,No,No,Yes,No,No,No,Yes,Yes,No,No,No,No,No,No,No,No,No,No,No,No,No,40.59523337100006,-111.99752669099996,Features a big field,No,No,Yes
Dr. Ellis Reynolds Shipp Park,Salt Lake City,84103,3,Its City,"https://www.google.com/maps/dir/?api=1&destination=40.77402925600006,-111.87218937599994",No,No,No,No,No,No,No,No,No,Yes,No,No,No,No,No,No,No,No,No,No,No,No,No,40.77402925600006,-111.87218937599994,Cute little namesake park next to some multifamily housing in the avenues. From the Utah Historical Society: “Ellis Shipp left her children in the care of her husband and his three wives until graduation from the Women’s Medical College in Philadelphia. W,No,No,No
Dr. O. Roi Hardy Park,Riverton,84065,3,Its City,"https://www.google.com/maps/dir/?api=1&destination=40.52677807600003,-111.92046716099998",Yes,No,No,No,Yes,No,No,No,Yes,Yes,No,Yes,No,No,No,No,No,No,No,Yes,No,No,No,40.52677807600003,-111.92046716099998,"Cute little green space on the Jordan River Trail, and a bridge that connects to the Jordan River Rotary Park.",No,No,Yes
Draper City Park,Draper,84020,4,Its City,"https://www.google.com/maps/dir/?api=1&destination=40.52377513700003,-111.85552348799996",Yes,No,No,No,Yes,No,Yes,Yes,Yes,Yes,No,Yes,No,No,Yes,No,No,No,No,Yes,No,No,No,40.52377513700003,-111.85552348799996,"Amazing playground! Home to the Tree of Life Christmas display, a real sight.",No,Yes,Yes
Draper Cycle Park,Draper,84020,5,Its City,"https://www.google.com/maps/dir/?api=1&destination=40.50546490200003,-111.848577278",No,No,No,No,No,No,No,No,No,No,No,No,No,No,No,No,No,No,No,No,No,No,No,40.50546490200003,-111.848577278,"Very cool tracks for every skill level and every kind of bike — pump kills, jumps, a flyover etc. It’s also the trailhead for a bunch of single track trails. Apparently they are working to build a velodrome too?",No,No,No
Draper Historic Park ,Draper,84020,3,Its City,"https://www.google.com/maps/dir/?api=1&destination=40.52202552700004,-111.86440521099996",Yes,No,No,No,No,Yes,No,No,No,No,No,No,No,No,No,No,No,No,No,No,No,No,No,40.52202552700004,-111.86440521099996,Bathrooms are sneaky across the street around the side of the museum.,No,Yes,Yes
Dunsinane Detention Basin Park ,South Jordan,84009,2,Its City,"https://www.google.com/maps/dir/?api=1&destination=40.57792884000003,-111.98247323899994",No,No,No,No,No,No,No,No,No,No,No,Yes,No,No,No,No,No,No,No,No,No,No,No,40.57792884000003,-111.98247323899994,,No,No,No
Eagle Crest Park,Draper,84020,4,Its City,"https://www.google.com/maps/dir/?api=1&destination=40.47454994200007,-111.82651451999999",No,No,No,No,Yes,No,No,No,No,No,No,Yes,No,No,No,No,No,No,No,No,No,No,No,40.47454994200007,-111.82651451999999,This little park gets a boost for views! ,No,No,Yes
Eagle Park,West Jordan,84081,3,Its City,"https://www.google.com/maps/dir/?api=1&destination=40.61507915300007,-112.01663762299995",No,No,No,No,Yes,No,No,No,Yes,Yes,No,No,No,No,No,No,No,No,No,No,No,No,No,40.61507915300007,-112.01663762299995,,No,No,Yes
East Riverfront Park,South Jordan,84095,5,Its City,"https://www.google.com/maps/dir/?api=1&destination=40.55160281900004,-111.91671166199995",Yes,No,Yes,Yes,Yes,No,No,No,Yes,Yes,No,No,No,No,Yes,No,No,No,No,Yes,No,Yes,No,40.55160281900004,-111.91671166199995,This park is right on the Jordan River Parkway trail. There are a lot of trees and smaller pavillions for a cool/shady impromptu picnic. Fishing ponds are a short walk away. You can see a lot of wildlife in this area. It is close to the RiverPark business,No,Yes,Yes
Eastlake Commons,South Jordan,84009,3,Daybreak HOA,"https://www.google.com/maps/dir/?api=1&destination=40.556592211000066,-111.99310286899998",No,No,No,No,No,Yes,No,No,No,No,No,No,No,No,No,No,No,No,No,No,Yes,No,No,40.556592211000066,-111.99310286899998,"Pool is private, but the garden is beautiful. ",No,No,No
Eastlake Park ,South Jordan,84009,5,Daybreak HOA,"https://www.google.com/maps/dir/?api=1&destination=40.55493687500007,-112.00017051999998",No,No,Yes,No,No,No,No,No,Yes,Yes,No,No,No,No,Yes,No,No,No,No,No,No,No,No,40.55493687500007,-112.00017051999998,"Four docks for launching boats, really nice restrooms, and a sandy beach. So many geese to run around with.",No,Yes,Yes
Eastridge Park,Sandy,84020,2,Its City,"https://www.google.com/maps/dir/?api=1&destination=40.53048075300006,-111.86265441799998",Yes,No,No,No,Yes,No,No,No,No,No,No,Yes,No,No,No,No,No,No,No,No,No,No,No,40.53048075300006,-111.86265441799998,Make-it-what-you-want field!,No,No,Yes
Elizabeth Sherman Park,Salt Lake City,84106,2,Its City,"https://www.google.com/maps/dir/?api=1&destination=40.718093209000074,-111.85690307499999",No,No,No,No,No,No,No,No,No,No,No,No,No,No,No,No,No,No,No,No,No,No,No,40.718093209000074,-111.85690307499999,Just an itty bitty green space but why not!,No,Yes,No
Emmabella Park,Herriman,84096,3,Its City,"https://www.google.com/maps/dir/?api=1&destination=40.494364500000074,-112.03292993199994",No,No,No,No,Yes,No,No,No,Yes,Yes,No,No,No,No,No,No,No,No,No,No,No,No,No,40.494364500000074,-112.03292993199994,,No,No,Yes
Emmeline Park,Herriman,84096,2,Its City,"https://www.google.com/maps/dir/?api=1&destination=40.488921781000045,-112.02356651499997",No,No,No,No,Yes,No,No,No,Yes,Yes,No,No,No,No,No,No,No,No,No,No,No,No,No,40.488921781000045,-112.02356651499997,,No,No,Yes
Empress Lane Park,West Jordan,84081,2,Its City,"https://www.google.com/maps/dir/?api=1&destination=40.629458799000076,-112.03186538899996",No,No,No,No,No,No,No,No,No,Yes,No,No,No,No,No,No,No,No,No,No,No,No,No,40.629458799000076,-112.03186538899996,,No,No,No
Ensign Downs Park,Salt Lake City,84103,4,Its City,"https://www.google.com/maps/dir/?api=1&destination=40.78936167900008,-111.88719217299996",No,No,No,No,No,No,Yes,No,No,Yes,No,Yes,No,No,No,No,No,No,No,No,Yes,No,No,40.78936167900008,-111.88719217299996,Great views make this a perfect sunset park.,No,No,No
Ensign Park,Magna,84044,2,Its City,"https://www.google.com/maps/dir/?api=1&destination=40.710211223000044,-112.06838678699995",No,No,No,No,No,No,No,No,No,Yes,No,No,No,No,No,No,No,No,No,No,No,No,No,40.710211223000044,-112.06838678699995,,No,No,Yes
Evergreen Park,Millcreek,84109,4,Salt Lake County,"https://www.google.com/maps/dir/?api=1&destination=40.69666295800005,-111.82515949199995",Yes,No,No,No,Yes,No,Yes,Yes,Yes,Yes,No,Yes,No,No,No,No,No,No,No,No,No,No,No,40.69666295800005,-111.82515949199995,Lovely shady picnic areas. Cool 50s diner pavilion. Placard dedicating the neighborhood to Utah’s Black pioneers.,No,Yes,Yes
Ewok Park,South Jordan,84009,4,Daybreak HOA,"https://www.google.com/maps/dir/?api=1&destination=40.56016801700008,-112.02108538899995",No,No,No,No,No,No,No,No,No,No,No,Yes,No,No,No,No,No,No,No,No,No,No,No,40.56016801700008,-112.02108538899995,Love this half circle of shady picnic tables. Tons of poles for hanging hammocks. ,No,No,Yes
Fairbourne Station Promenade & Plaza,West Valley City,84119,4,Its City,"https://www.google.com/maps/dir/?api=1&destination=40.695717528000046,-111.96031526099995",Yes,No,No,No,No,No,No,No,No,No,Yes,Yes,Yes,No,No,No,No,No,No,Yes,No,No,No,40.695717528000046,-111.96031526099995,Fun little man-made stream that serves as a splash pad. Also infatuated with the installation that tells you how much you weigh in fruit or farm animals. ,No,Yes,Yes
Fairmont Park,Salt Lake City,84106,5,Its City,"https://www.google.com/maps/dir/?api=1&destination=40.722560669000075,-111.86101681799994",Yes,No,Yes,No,Yes,No,No,No,No,Yes,Yes,Yes,No,Yes,Yes,No,Yes,No,Yes,Yes,No,Yes,No,40.722560669000075,-111.86101681799994,"This is a great park, with particularly nice beach volleyball courts and a cozy duck pond. Right off the McCleland Trail. And it’s slated for even more upgrades with the GO bond.",No,Yes,Yes
Fairway Estates Park,West Jordan,84088,3,Its City,"https://www.google.com/maps/dir/?api=1&destination=40.59760312700007,-111.95174531499998",No,No,No,No,No,No,No,No,No,No,No,No,No,No,Yes,No,No,No,No,No,No,No,No,40.59760312700007,-111.95174531499998,Tucked away! ,No,No,No
Falcon Crest Park,West Valley City,84128,3,Its City,"https://www.google.com/maps/dir/?api=1&destination=40.68321928000006,-112.05730908099997",No,No,No,Yes,Yes,No,No,No,No,Yes,No,Yes,No,No,Yes,No,No,No,No,No,No,No,No,40.68321928000006,-112.05730908099997,,No,Yes,Yes
Falcon Park,Sandy,84093,5,Its City,"https://www.google.com/maps/dir/?api=1&destination=40.58403091900004,-111.84051457399994",Yes,No,No,No,Yes,No,Yes,No,No,Yes,No,Yes,No,No,No,No,No,No,Yes,No,Yes,No,No,40.58403091900004,-111.84051457399994,Particularly excellent falcon-themed playground.,No,No,Yes
Fassio Farm Park,West Valley City,84120,2,Its City,"https://www.google.com/maps/dir/?api=1&destination=40.691597167000054,-112.01600851799998",No,No,No,Yes,Yes,No,No,No,No,Yes,No,Yes,No,No,No,No,No,No,No,No,No,No,No,40.691597167000054,-112.01600851799998,,No,Yes,Yes
Faultline Park,Salt Lake City,84102,4,Its City,"https://www.google.com/maps/dir/?api=1&destination=40.760718256000075,-111.86127771299999",No,No,No,No,No,No,No,No,No,Yes,No,Yes,No,No,No,No,No,No,No,No,No,No,No,40.760718256000075,-111.86127771299999,"Named for the faultline that runs down 1300 E. (which explains the steep drop into central city from the west bench!). This park has few amenities but some great grassy spots for chilling. It gets four starts for its view of downtown, though. You could ha",No,Yes,Yes
Ferguson Park,Cottonwood Heights,84121,4,Its City,"https://www.google.com/maps/dir/?api=1&destination=40.60956831100003,-111.78958055299995",Yes,No,No,No,Yes,No,No,No,No,No,Yes,Yes,No,No,No,No,No,No,No,No,No,No,No,40.60956831100003,-111.78958055299995,"Dog water fountain, too! Lots of parking and benches. Not much shade. ",No,No,Yes
Fielding Hill Park,Draper,84020,3,Its City,"https://www.google.com/maps/dir/?api=1&destination=40.46004869600006,-111.83185607499996",No,No,No,No,Yes,No,No,No,No,Yes,No,Yes,No,No,Yes,No,No,No,No,No,No,No,No,40.46004869600006,-111.83185607499996,,No,No,Yes
Fife Wetland Preserve,Salt Lake City,84104,3,Its City,"https://www.google.com/maps/dir/?api=1&destination=40.74915763800004,-111.92216938999997",No,No,Yes,No,No,No,No,No,No,No,No,No,No,No,No,No,No,No,No,Yes,No,No,No,40.74915763800004,-111.92216938999997,Unpaved little loop around a marsh off the Jordan River.,No,No,No
Finch Park,South Jordan,84009,3,Daybreak HOA,"https://www.google.com/maps/dir/?api=1&destination=40.56095886300005,-111.99428825399997",No,No,No,No,No,No,No,No,No,No,No,No,No,No,No,No,No,No,No,No,No,No,No,40.56095886300005,-111.99428825399997,"Daybreak HOA runs this park! No full playground, just a swingset.",No,No,No
Fire Station Park,Midvale,84047,2,Its City,"https://www.google.com/maps/dir/?api=1&destination=40.62074127300008,-111.87472036099996",No,No,No,No,No,No,No,No,No,Yes,No,No,No,No,No,No,No,No,No,No,No,No,No,40.62074127300008,-111.87472036099996,How fun that the fire station (public entity) decided to use their backyard space for a park (public entity). ,No,No,Yes
Fire Station Tennis Court Park,Salt Lake City,84116,2,Its City,"https://www.google.com/maps/dir/?api=1&destination=40.775421737000045,-111.91977287199995",No,No,No,No,No,Yes,No,No,No,No,No,No,No,No,No,No,No,No,No,No,Yes,No,No,40.775421737000045,-111.91977287199995,"These courts need love, but the garden is lovely.",No,No,No
Firefly Park,South Jordan,84009,4,Daybreak HOA,"https://www.google.com/maps/dir/?api=1&destination=40.55363692000003,-112.01625267399999",No,No,No,No,No,No,No,No,No,Yes,No,No,No,No,No,No,No,No,No,No,No,No,No,40.55363692000003,-112.01625267399999,"Wish I could figure out what some of these structures are. I’m really charmed by the party lights, decks, and HUGE climbing structure over sand. ",No,Yes,Yes
Firmont Park,South Jordan,84095,4,Daybreak HOA,"https://www.google.com/maps/dir/?api=1&destination=40.53895170100003,-112.00754602099994",No,No,No,No,Yes,No,No,No,No,Yes,No,Yes,No,No,Yes,No,No,No,No,No,No,No,No,40.53895170100003,-112.00754602099994,,No,Yes,Yes
First Encampment Park,Salt Lake City,84115,4,Its City,"https://www.google.com/maps/dir/?api=1&destination=40.73334489600006,-111.87684088399999",No,No,No,No,No,Yes,No,No,No,No,No,No,No,No,No,No,No,No,No,No,No,No,No,40.73334489600006,-111.87684088399999,"I’m a sucker for pocket parks, but the way they landscaped the rocks (though not the intention based on the signage?) creates privacy in a clever way! Right on the bus line.",No,Yes,No
Fitt’s Park,South Salt Lake,84106,4,Its City,"https://www.google.com/maps/dir/?api=1&destination=40.704269820000036,-111.87697135399998",Yes,No,No,No,Yes,Yes,No,No,Yes,Yes,No,Yes,No,No,No,No,No,No,No,Yes,No,No,No,40.704269820000036,-111.87697135399998,"Instruments on the playground. So lovely that it’s riverside. Four different pavilions, two playgrounds. This park was designed for families, 100%. Not sure what the track is for but maybe bike safety training or driver training? Really charming.",No,Yes,Yes
Flat Iron Mesa Park,Sandy,84093,5,Its City,"https://www.google.com/maps/dir/?api=1&destination=40.59683097100003,-111.841231903",Yes,No,No,No,Yes,No,Yes,No,No,Yes,No,Yes,No,No,No,No,Yes,No,Yes,No,Yes,Yes,Yes,40.59683097100003,-111.841231903,Multiple big fields for play. A zipline. One mile jogging path with views! Soccer fields without nets but with lines and boxes. Multi level because you have to climb THE STEEPEST SLEDDING HILL IN THE U.S. (allegedly) to get to the upper area. You can also,No,Yes,Yes
Foothills Park,Riverton,84096,3,Its City,"https://www.google.com/maps/dir/?api=1&destination=40.49925122800005,-112.01224768099996",No,No,No,No,No,No,No,No,Yes,Yes,No,Yes,No,No,No,No,No,No,No,No,No,No,No,40.49925122800005,-112.01224768099996,Massive field for play.,No,No,No
Fort Union Plaza,Midvale,84047,1,Salt Lake County,"https://www.google.com/maps/dir/?api=1&destination=40.619524496000054,-111.85685607199997",No,No,No,No,Yes,No,No,No,No,No,No,No,No,No,No,No,No,No,No,Yes,No,No,No,40.619524496000054,-111.85685607199997,"This area is mostly grass around a historic marker and flag poles. While there is a small creek running through it, it was already dry when we visited in April. Unsure if it really gets water or is only decorative. ",No,Yes,No
Fortuna Park ,Millcreek,84124,4,Salt Lake County,"https://www.google.com/maps/dir/?api=1&destination=40.670399916000065,-111.79669809899997",No,No,No,No,No,No,No,No,No,No,No,No,No,No,Yes,No,No,No,Yes,No,No,No,No,40.670399916000065,-111.79669809899997,Great set of stairs to run up and down as a workout! Currently raising money for a new playground — can we help them find a sponsor? ,No,No,Yes
Founders’ Park,South Jordan,84009,5,Daybreak HOA,"https://www.google.com/maps/dir/?api=1&destination=40.54400786800005,-111.99966064299997",Yes,No,No,Yes,Yes,Yes,No,No,No,Yes,No,Yes,No,No,Yes,No,Yes,No,No,No,No,No,No,40.54400786800005,-111.99966064299997,"Climb the mound for a sunset lookout spot. There is a splash pad here, but it’s only for residents.",No,Yes,Yes
Fox Hollow Park,West Jordan,84081,3,Its City,"https://www.google.com/maps/dir/?api=1&destination=40.604010506000066,-112.03772241599995",No,No,No,No,Yes,No,No,No,No,Yes,No,No,No,No,No,No,No,No,No,No,No,No,No,40.604010506000066,-112.03772241599995,,No,No,Yes
Freeman Park,Herriman,84096,2,Its City,"https://www.google.com/maps/dir/?api=1&destination=40.509063447000074,-112.03078406599997",No,No,No,No,No,No,No,No,No,Yes,No,No,No,No,No,No,No,No,No,No,No,No,No,40.509063447000074,-112.03078406599997,,No,No,Yes
Friendship Park,Murray,84107,3,Its City,"https://www.google.com/maps/dir/?api=1&destination=40.64668384200007,-111.87872726099994",Mysteriously locked,No,No,No,Yes,No,Yes,Yes,No,Yes,No,Yes,No,No,No,No,Yes,No,No,No,No,No,No,40.64668384200007,-111.87872726099994,A big fan of the shady swingset here. And that there is a half diamond where you could play baseball or kickball! No bases provided though.,No,Yes,Yes
Galena Hills Park,Draper,84020,4,Its City,"https://www.google.com/maps/dir/?api=1&destination=40.523349850000045,-111.90797209399994",Yes,No,No,No,Yes,No,Yes,Yes,Yes,Yes,Yes,Yes,No,No,Yes,No,Yes,No,Yes,Yes,No,No,Yes,40.523349850000045,-111.90797209399994,"There is also a horseshoe pit. There is a way to set up a makeshift pickleball court on one of the basketball courts. This is a huge sports complex and the playground works for keeping the little kids busy while you watch a game, but it's not a destinatio",No,Yes,Yes
Gallacher Park,Salt Lake City,84102,4,Its City,"https://www.google.com/maps/dir/?api=1&destination=40.75486166700006,-111.87541440499996",No,No,No,No,No,No,No,No,No,Yes,No,No,No,No,No,No,No,No,No,No,No,No,No,40.75486166700006,-111.87541440499996,"Never met a pocket park I didn’t love. No basketball court here, BUT someone did set up a hoop at the park, because this quiet street is a total play zone. ",No,Yes,Yes
Garden Corner Park,South Jordan,84009,4,Daybreak HOA,"https://www.google.com/maps/dir/?api=1&destination=40.549253073000045,-111.99125293099996",No,No,No,No,No,No,No,No,No,Yes,No,Yes,No,No,No,No,No,No,No,No,No,No,No,40.549253073000045,-111.99125293099996,,No,No,No
Gary C. Swensen Valley Regional Park,Taylorsville,84129,5,Salt Lake County,"https://www.google.com/maps/dir/?api=1&destination=40.65908742400006,-111.95797179099998",Yes,No,No,No,Yes,No,No,Yes,Yes,Yes,No,Yes,No,No,No,Yes,Yes,No,No,No,No,No,No,40.65908742400006,-111.95797179099998,I’m giving this a 5 just for the shady tree grove picnic areas. 4 softball fields! Lots of field space for play and a large walking trail. Full disc golf course!,No,No,Yes
Gateway Park,South Jordan,84095,2,Its City,"https://www.google.com/maps/dir/?api=1&destination=40.55907688800005,-111.90238426599996",No,No,No,No,No,No,No,No,No,No,No,No,No,No,No,No,No,No,No,No,No,No,No,40.55907688800005,-111.90238426599996,A little patch of green space in a very surprising place ,No,No,No
General Holm Park,South Salt Lake,84119,3,Salt Lake County,"https://www.google.com/maps/dir/?api=1&destination=40.68742701700006,-111.92071144499994",Mysteriously locked,No,No,No,Yes,No,No,No,Yes,Yes,No,No,No,No,No,No,No,No,No,Yes,No,No,No,40.68742701700006,-111.92071144499994,"Provide access to Jordan River Parkway including Millcreek City's new put ins. Access to a bridge over the Meadowbrook Expressway  (3900/4000 South.) Bathrooms locked  because of ""continued vandalism.""",No,Yes,Yes
Germania Park,Murray,84123,4,Its City,"https://www.google.com/maps/dir/?api=1&destination=40.65751899300005,-111.91844874499998",Yes,No,No,Yes,Yes,No,No,No,Yes,Yes,No,Yes,No,No,No,No,Yes,No,Yes,Yes,No,No,No,40.65751899300005,-111.91844874499998,BYO volleyball net! Really cute Joran River park with views and a new playground that has animal sounds play.,No,Yes,Yes
Gilgal Sculpture Garden,Salt Lake City,84102,4,Its City,"https://www.google.com/maps/dir/?api=1&destination=40.75854025700005,-111.86965372499998",Yes,No,No,No,No,Yes,No,No,No,No,No,No,No,No,No,No,No,No,No,No,No,No,No,40.75854025700005,-111.86965372499998,One of Salt Lake’s most bizarre attractions — I always bring visitors here. Finding it is half the fun. Learn more about Thomas Child and his zealotry-inspired sculptures while you’re there. Can’t rub the Joseph Smith Sphinx on the head anymore for good l,No,Yes,No
GK Gilbert Geologic View Park,Granite,84092,2,Salt Lake County,"https://www.google.com/maps/dir/?api=1&destination=40.574880250000035,-111.79744263999999",No,No,No,No,No,No,No,No,No,No,No,No,No,No,No,No,No,No,No,No,No,No,No,40.574880250000035,-111.79744263999999,Cute knoll to watch the paragliders and evening traffic.,No,No,No
Glendale Park,Salt Lake City,84104,4,Its City,"https://www.google.com/maps/dir/?api=1&destination=40.73344404200003,-111.92694006199997",Yes,No,No,No,Yes,No,No,No,Yes,Yes,No,Yes,No,No,Yes,No,No,No,No,Yes,No,Yes,No,40.73344404200003,-111.92694006199997,"Currently getting a $23 million makeover. Phase I is complete, more amenities to come in Phase II.",No,Yes,Yes
Glenmoor Field,South Jordan,84009,5,Its City,"https://www.google.com/maps/dir/?api=1&destination=40.57763025100007,-112.00089398499995",Yes,No,No,No,No,No,Yes,No,No,No,No,No,No,No,No,No,No,No,No,No,No,No,No,40.57763025100007,-112.00089398499995,"Really charmed by this neighborhood baseball field, wish the bathrooms were open year-round instead of May-Sept.",No,No,No
Glenn Weaver Park,West Valley City,84120,3,Its City,"https://www.google.com/maps/dir/?api=1&destination=40.67052928000004,-112.04288966399997",No,No,No,Yes,Yes,No,No,No,No,Yes,No,Yes,No,No,No,No,No,No,No,No,No,No,No,40.67052928000004,-112.04288966399997,Really lovely platformed picnic area ,No,Yes,Yes
Golden Hills Park,Cottonwood Heights,84121,4,Its City,"https://www.google.com/maps/dir/?api=1&destination=40.60071124600006,-111.79672483699994",Yes,No,No,No,Yes,No,No,No,No,Yes,No,No,No,No,No,No,No,No,No,No,Yes,No,No,40.60071124600006,-111.79672483699994,Really lovely walking path. Lots of trash and recycle bins. Good trees for hammocking. Lots of grass for play. Dog poop bags provided. Benches.,No,No,Yes
Grand Trotter Park,Herriman,84096,3,Its City,"https://www.google.com/maps/dir/?api=1&destination=40.50495387400008,-112.03936848399997",No,No,No,No,No,No,No,No,No,No,No,No,No,No,No,No,No,No,No,No,No,No,No,40.50495387400008,-112.03936848399997,Brand new playground being unboxed at this moment!,No,No,No
Grand Vistas Park,West Valley City,84128,4,Its City,"https://www.google.com/maps/dir/?api=1&destination=40.67055732400007,-112.03434802899994",No,No,No,Yes,Yes,No,No,No,Yes,Yes,No,Yes,No,No,Yes,No,No,Yes,No,No,No,No,Yes,40.67055732400007,-112.03434802899994,"What a great neighborhood park! Impressed with all they squeezed into this little plot. Branded cornhole, table tennis, a zip line and so much more! ",No,Yes,Yes
Grandpa’s Pond,Sandy,84095,5,Its City,"https://www.google.com/maps/dir/?api=1&destination=40.574720471000035,-111.91640630299997",Yes,No,Yes,No,Yes,No,No,No,No,Yes,No,Yes,No,No,No,No,No,No,No,No,No,No,No,40.574720471000035,-111.91640630299997,The Sandy City Urban Fishery! A stocked pond with a fish washing and gutting station.,No,Yes,Yes
Granite Park,Sandy,84092,4,Salt Lake County,"https://www.google.com/maps/dir/?api=1&destination=40.56954927400005,-111.81479916399996",Yes,No,No,No,Yes,No,No,No,No,Yes,No,Yes,No,No,No,No,Yes,No,No,No,No,No,No,40.56954927400005,-111.81479916399996,BYO volleyball net. Gorgeous views! Tons of large field space for sports and picnics.,No,No,Yes
Grant Park,Murray,84107,3,Its City,"https://www.google.com/maps/dir/?api=1&destination=40.63655057700004,-111.89204040099997",Yes,No,No,Yes,Yes,No,Yes,No,No,Yes,No,Yes,No,No,No,No,No,No,No,No,No,No,No,40.63655057700004,-111.89204040099997,4 baseball diamonds! ,No,No,Yes
Green Clover ,Draper,84020,3,Its City,"https://www.google.com/maps/dir/?api=1&destination=40.51197825300005,-111.90316454899994",No,No,No,No,No,No,No,No,Yes,Yes,No,No,No,No,No,No,No,No,No,No,No,No,No,40.51197825300005,-111.90316454899994,There are a lot of grassy areas where you could play yard games. Not sure if it's technically the same park but there is another playground area across the street that is made more for toddlers. ,No,No,Yes
Grizzly Park ,West Jordan,84081,3,Its City,"https://www.google.com/maps/dir/?api=1&destination=40.614016065000044,-112.01269904999998",No,No,No,No,Yes,No,No,No,Yes,Yes,No,Yes,No,No,No,No,No,No,No,No,No,No,No,40.614016065000044,-112.01269904999998,,No,No,Yes
Guadalupe Park,Salt Lake City,84116,5,Its City,"https://www.google.com/maps/dir/?api=1&destination=40.78015166600005,-111.90861692399994",No,No,No,No,No,No,No,No,No,Yes,No,Yes,No,No,Yes,No,No,No,No,No,No,No,No,40.78015166600005,-111.90861692399994,"Wheelchair-accessible chessboard picnic tables! A long slide! Picnic grass! Play basketball with la Virgen de Guadalupe. This park is breezy, charming, and fun. Perfection.",No,No,Yes
Hamilton Farms Park,Herriman,84096,2,Its City,"https://www.google.com/maps/dir/?api=1&destination=40.50059586400005,-112.04614612999995",No,No,No,No,No,No,No,No,No,No,No,No,No,No,No,No,No,No,No,No,No,No,No,40.50059586400005,-112.04614612999995,So many mini sledding hills,No,No,Yes
Hamilton Farms Tot Lot ,Herriman,84096,2,Its City,"https://www.google.com/maps/dir/?api=1&destination=40.50121752900003,-112.05216217199995",No,No,No,No,Yes,No,No,No,No,Yes,No,No,No,No,No,No,No,No,No,No,No,No,No,40.50121752900003,-112.05216217199995,,No,No,Yes
Handcart Park,West Jordan,84084,3,Its City,"https://www.google.com/maps/dir/?api=1&destination=40.630992279000054,-111.96200577999997",No,No,No,No,Yes,No,No,No,No,Yes,No,No,No,No,No,No,No,No,No,No,No,No,No,40.630992279000054,-111.96200577999997,"Such a beautiful breeze in this little park, and so many chatty birds.",No,No,Yes
Harmony Park,South Salt Lake,84115,5,Salt Lake County,"https://www.google.com/maps/dir/?api=1&destination=40.68890138000006,-111.89119698499997",Yes,No,No,No,Yes,Yes,Yes,Yes,Yes,Yes,No,Yes,No,No,No,No,No,No,Yes,No,Yes,No,No,40.68890138000006,-111.89119698499997,Built in slackline!,No,Yes,Yes
Harvest Estates Park,West Jordan,84084,4,Its City,"https://www.google.com/maps/dir/?api=1&destination=40.62727877100008,-111.94985928899996",No,No,No,No,Yes,No,No,No,No,Yes,No,No,No,No,No,No,No,No,No,No,No,No,No,40.62727877100008,-111.94985928899996,,No,No,Yes
Heights Park,South Jordan,84009,4,Daybreak HOA,"https://www.google.com/maps/dir/?api=1&destination=40.55753012000008,-112.00921431599994",No,No,No,No,No,No,No,No,No,No,No,No,No,No,No,No,No,No,No,No,No,No,No,40.55753012000008,-112.00921431599994,"Take the stairs to the top of the mound for sunset, or run them to make a park workout! Managed by the Daybreak HOA.",No,No,Yes
Henderson Memorial,West Jordan,84088,4,Its City,"https://www.google.com/maps/dir/?api=1&destination=40.60546436100003,-111.98276004499996",No,No,No,No,Yes,No,No,No,Yes,Yes,No,No,No,No,Yes,No,No,No,No,No,No,No,No,40.60546436100003,-111.98276004499996,,No,No,Yes
Heritage Farm Park,Riverton,84065,2,Its City,"https://www.google.com/maps/dir/?api=1&destination=40.52845529000007,-111.96048617199995",No,No,No,No,No,No,No,No,No,Yes,No,No,No,No,No,No,No,No,No,No,No,No,No,40.52845529000007,-111.96048617199995,,No,No,No
Heritage Park,South Jordan,84095,4,Its City,"https://www.google.com/maps/dir/?api=1&destination=40.55425400400003,-111.938732115",Yes,No,No,No,Yes,No,No,No,No,No,No,Yes,Yes,No,No,No,No,No,No,No,No,No,No,40.55425400400003,-111.938732115,Fun splash pad with a shallow area for the super littles,No,Yes,Yes
Heritage Place Park,Herriman,84096,3,Its City,"https://www.google.com/maps/dir/?api=1&destination=40.522617127000046,-112.03307432099996",No,No,No,No,Yes,No,No,No,No,Yes,No,No,No,No,No,No,No,No,No,No,No,No,No,40.522617127000046,-112.03307432099996,,No,Yes,Yes
Herman Franks Park,Salt Lake City,84105,3,Its City,"https://www.google.com/maps/dir/?api=1&destination=40.740290178000066,-111.87098022899994",Mysteriously locked,No,No,No,No,No,Yes,No,No,Yes,Yes,No,No,No,No,No,No,No,No,No,No,No,No,40.740290178000066,-111.87098022899994,Cute dog park with agility toys. Water fountain for pups but not people.,No,No,No
Hidden Hollow Preserve,Salt Lake City,84106,4,Its City,"https://www.google.com/maps/dir/?api=1&destination=40.725474260000055,-111.85513527299997",No,No,No,No,No,No,No,No,No,No,No,No,No,No,No,No,No,No,No,Yes,No,No,No,40.725474260000055,-111.85513527299997,"The old Sugar House park, now tucked inside a big box store shopping area. A cute little nature trail loop with bridges and a small amphitheater, winding along Parley’s Creek. Come on. I love how they made use of the space in an otherwise pavementy area.",No,Yes,No
Hidden Valley Park,Sandy,84092,5,Its City,"https://www.google.com/maps/dir/?api=1&destination=40.543624933000046,-111.81170489299996",Yes,No,No,No,Yes,No,No,No,No,Yes,No,Yes,No,No,No,No,No,No,No,No,No,No,No,40.543624933000046,-111.81170489299996,Really charming and shady picnic areas nestled right up against the mountains.,No,No,Yes
Hidden Village Park,Murray,84123,3,Its City,"https://www.google.com/maps/dir/?api=1&destination=40.654013199000076,-111.90501160399998",Yes,No,No,Yes,Yes,No,No,No,No,Yes,No,Yes,No,No,Yes,No,Yes,No,Yes,No,Yes,No,No,40.654013199000076,-111.90501160399998,Tennis court practice wall. Lovely shady picnic area.,No,No,Yes
High Point Park,Sandy,84094,4,Its City,"https://www.google.com/maps/dir/?api=1&destination=40.607483788000025,-111.86252382099997",Yes,No,No,No,Yes,No,No,No,No,Yes,No,Yes,No,No,Yes,No,No,No,No,No,Yes,No,No,40.607483788000025,-111.86252382099997,"Big field for play, but no nets or lines. Likewise, a baseball/kickball diamond without bases.",No,No,Yes
High Pointe Park,South Jordan,84095,3,Its City,"https://www.google.com/maps/dir/?api=1&destination=40.552992661000076,-111.98025863999999",No,No,No,No,Yes,No,No,No,No,Yes,No,No,No,No,No,No,No,No,No,Yes,No,No,No,40.552992661000076,-111.98025863999999,Great bike park ,No,No,Yes
Highland Park ,South Jordan,84009,4,Its City,"https://www.google.com/maps/dir/?api=1&destination=40.545958866000035,-112.03603358799995",Yes,No,No,Yes,Yes,No,No,No,No,Yes,No,Yes,No,No,No,No,No,No,Yes,No,No,Yes,No,40.545958866000035,-112.03603358799995,Huge slides! And beautiful views. ,No,Yes,Yes
Hillcrest Park,Salt Lake City,84106,1,Its City,"https://www.google.com/maps/dir/?api=1&destination=40.71593652700005,-111.83402825899998",No,No,No,No,No,No,No,No,No,No,No,No,No,No,No,No,No,No,No,No,No,No,No,40.71593652700005,-111.83402825899998,A grassy area off of Parley’s Trail,No,No,No
Hillsdale Park,West Valley City,84119,3,Its City,"https://www.google.com/maps/dir/?api=1&destination=40.70073842100004,-111.96572243799994",Yes,No,No,No,Yes,Yes,No,No,No,Yes,No,No,No,No,No,No,No,No,No,No,Yes,No,No,40.70073842100004,-111.96572243799994,Park could use some TLC. It’s a little rundown overall. There is a large open field and horseshoe court. There is a Wasatch Community Garden site here. ,No,No,Yes
Hillside Park,South Jordan,84095,4,Its City,"https://www.google.com/maps/dir/?api=1&destination=40.54517751000003,-111.99461177899997",No,No,No,No,Yes,No,No,No,No,Yes,No,Yes,No,No,No,No,No,No,No,Yes,No,No,No,40.54517751000003,-111.99461177899997,Charming stepped stream and row of trees separating the playground from a play field.,No,No,Yes
Historic Scott School,South Salt Lake,84106,1,Its City,"https://www.google.com/maps/dir/?api=1&destination=40.700421694000056,-111.87579571299995",Yes,No,No,No,Yes,Yes,No,No,No,No,No,No,No,No,No,No,No,No,No,No,No,No,No,40.700421694000056,-111.87579571299995,"This is a funny one. It’s a historic building with some lovely shaded picnic tables, but I’m not sure I would call it a park.",No,No,Yes
Holladay City Park,Holladay,84117,5,Its City,"https://www.google.com/maps/dir/?api=1&destination=40.67130319200004,-111.82461332199995",Yes,No,No,No,Yes,No,Yes,No,Yes,Yes,No,No,No,Yes,Yes,No,No,No,No,No,No,Yes,No,40.67130319200004,-111.82461332199995,"Really charming setup behind the baseball field, with bench swings and misters. Moreover, the bench swings don’t have the dividers in the middle so you can’t lay down. No hostile architecture here.",No,No,Yes
Holt Farmstead Park,South Jordan,84095,5,Its City,"https://www.google.com/maps/dir/?api=1&destination=40.56341495100003,-111.92903836299996",Yes,No,No,No,Yes,Yes,No,No,No,No,No,Yes,No,No,No,No,No,No,No,No,No,No,No,40.56341495100003,-111.92903836299996,"A historic farm turned park with beautiful willows, a fire pit, hitching post and a great climbing tree! ",No,No,Yes
Homestead Park,Riverton,84065,3,Its City,"https://www.google.com/maps/dir/?api=1&destination=40.501736581000046,-111.94833663899999",No,No,No,No,Yes,No,No,No,No,Yes,No,Yes,No,No,No,No,No,No,No,No,No,No,No,40.501736581000046,-111.94833663899999,Cute neighborhood picnic and play spot.,No,No,Yes
Honeybee Park,Draper,84020,2,Its City,"https://www.google.com/maps/dir/?api=1&destination=40.540141032000065,-111.88751954799994",No,No,No,No,Yes,No,No,No,Yes,Yes,No,Yes,No,No,No,No,No,No,No,No,No,No,No,40.540141032000065,-111.88751954799994,,No,No,Yes
Hunter Park,West Valley City,84128,3,Salt Lake County,"https://www.google.com/maps/dir/?api=1&destination=40.69648357900007,-112.03213910899996",Mysteriously locked,No,No,No,Yes,No,Yes,No,Yes,Yes,No,No,No,No,No,No,No,No,Yes,No,Yes,No,No,40.69648357900007,-112.03213910899996,"Getting a bump for the beautiful (!) picnic areas under big, shady trees, and the big hill to play on. The bathroom and water fountains need repair. ",No,Yes,Yes
Hunter Ridge Park,West Valley City,84128,3,Its City,"https://www.google.com/maps/dir/?api=1&destination=40.67580508700007,-112.02722450099998",No,No,No,Yes,Yes,No,No,No,No,Yes,No,Yes,No,No,No,No,No,No,No,No,No,No,No,40.67580508700007,-112.02722450099998,Love a hilly little park.,No,Yes,Yes
Hunter Village Park,West Valley City,84128,3,Its City,"https://www.google.com/maps/dir/?api=1&destination=40.701964435000036,-112.05845900399999",No,No,No,Yes,Yes,No,No,No,No,Yes,No,Yes,No,No,No,No,No,Yes,No,No,No,No,No,40.701964435000036,-112.05845900399999,BYO Volleyball net. Cute neighborhood park with a lovely pathway and new playground! ,No,Yes,Yes
Ida M. Cotten Park,Salt Lake City,84115,5,Its City,"https://www.google.com/maps/dir/?api=1&destination=40.73079360500003,-111.88239565999999",No,No,No,No,No,No,No,No,No,Yes,No,No,No,No,No,No,No,No,No,No,No,No,No,40.73079360500003,-111.88239565999999,"This park was selected for SLC Parks Bond updates, though I’m curious what has been identified here. Because it’s so charming! And I love the little grassy knoll. Maybe getting rid of the aluminum slides that get too hot in the summer?

Take this survey t",No,Yes,No
Imperial Park,Salt Lake City,84106,4,Its City,"https://www.google.com/maps/dir/?api=1&destination=40.70953202900006,-111.84640492599999",No,No,No,No,Yes,No,No,No,Yes,Yes,No,Yes,No,No,No,No,No,No,No,No,No,No,No,40.70953202900006,-111.84640492599999,A giant sandbox with Tonka trucks!,No,Yes,Yes
Impressions Park,Kearns,84118,3,Its City,"https://www.google.com/maps/dir/?api=1&destination=40.63884733000003,-112.01919717599998",No,No,No,No,No,No,No,No,Yes,Yes,No,Yes,No,No,No,No,No,No,No,No,No,No,No,40.63884733000003,-112.01919717599998,,No,No,No
Inauguration Park,Draper,84020,2,Its City,"https://www.google.com/maps/dir/?api=1&destination=40.53666684500007,-111.89957135799995",No,No,No,No,No,No,No,No,No,Yes,No,No,No,No,No,No,No,No,No,No,No,No,No,40.53666684500007,-111.89957135799995,There is a a grassy area where you could play yard games. ,No,No,Yes
Independence Park,Bluffdale,84065,3,Its City,"https://www.google.com/maps/dir/?api=1&destination=40.47433304200007,-111.91934641599994",Yes,No,No,No,No,No,No,No,Yes,Yes,No,Yes,Yes,No,No,No,No,No,No,No,No,Yes,No,40.47433304200007,-111.91934641599994,Pickleball courts are a little down the street. Needs more shade. Great splashpad! Zip lines!!,No,Yes,Yes
Indian Pony Park,Herriman,84096,2,Its City,"https://www.google.com/maps/dir/?api=1&destination=40.50708855200003,-112.03826444099997",No,No,No,No,No,No,No,No,No,No,No,No,No,No,No,No,No,No,No,No,No,No,No,40.50708855200003,-112.03826444099997,Looks like a new playground is going in here soon! ,No,No,No
Inglewood Park,Salt Lake City,84105,3,Its City,"https://www.google.com/maps/dir/?api=1&destination=40.74356914300006,-111.86106773199998",No,No,No,No,No,No,No,No,No,Yes,No,No,No,No,No,No,No,No,No,No,No,No,No,40.74356914300006,-111.86106773199998,Cute park right on the McClelland Trail. First true sandbox I’ve seen!,No,No,No
Ironwood Park,West Valley City,84120,2,Its City,"https://www.google.com/maps/dir/?api=1&destination=40.67129763400004,-112.01222520999994",No,No,No,No,Yes,No,No,No,No,Yes,No,No,No,No,No,No,No,No,No,No,No,No,No,40.67129763400004,-112.01222520999994,,No,Yes,Yes
Ivie Farms Park,Herriman,84096,2,Its City,"https://www.google.com/maps/dir/?api=1&destination=40.498176940000064,-112.05440053999996",No,No,No,No,No,No,No,No,No,Yes,No,No,No,No,No,No,No,No,No,No,No,No,No,40.498176940000064,-112.05440053999996,,No,No,No
Ivory Crossing Park,South Jordan,84095,3,Its City,"https://www.google.com/maps/dir/?api=1&destination=40.54822797400004,-111.96684484099995",No,No,No,No,Yes,No,No,No,Yes,Yes,No,No,No,No,No,No,No,No,No,No,No,No,No,40.54822797400004,-111.96684484099995,,No,No,Yes
J. Lynn Crane Park,Herriman,84096,5,Its City,"https://www.google.com/maps/dir/?api=1&destination=40.51650430700005,-112.01759684599995",Yes,No,No,No,Yes,Yes,No,No,Yes,Yes,No,Yes,No,No,No,No,No,No,No,No,No,No,No,40.51650430700005,-112.01759684599995,"The park at City Hall has a roller skating rink, tons of great picnic spots, including a gazebo with tables and chairs, and will be a dime when all these trees mature. Fun playground, too!",No,Yes,Yes
Jackson Downs Detention Basin Park,South Jordan,84095,2,Its City,"https://www.google.com/maps/dir/?api=1&destination=40.54098012500003,-111.95645173199995",No,No,No,No,No,No,No,No,No,No,No,No,No,No,No,No,No,No,No,No,No,No,No,40.54098012500003,-111.95645173199995,Just some grass! Invitation to add a park bench :),No,No,No
Jackson Park,Salt Lake City,84116,5,Its City,"https://www.google.com/maps/dir/?api=1&destination=40.77977258400006,-111.91261951899997",No,No,No,No,No,No,No,No,No,Yes,No,No,No,No,No,No,No,No,No,No,No,No,No,40.77977258400006,-111.91261951899997,"Grass for play, colorful trellises (let’s get some ivy on them!)",No,No,Yes
Jefferson Park,Salt Lake City,84101,2,Its City,"https://www.google.com/maps/dir/?api=1&destination=40.744716261000065,-111.89429399799997",No,No,No,No,No,No,No,No,Yes,Yes,No,No,No,No,No,No,No,No,Yes,No,No,No,No,40.744716261000065,-111.89429399799997,Big field for play or running dogs! ,No,No,No
Jenson Farm Park,Draper,84020,4,Its City,"https://www.google.com/maps/dir/?api=1&destination=40.535894366000036,-111.90658462199997",Yes,No,No,Yes,Yes,Yes,No,No,Yes,Yes,No,Yes,No,No,No,No,No,No,No,Yes,No,No,No,40.535894366000036,-111.90658462199997,"Cuteeee little park with a windmill, meandering stream, and even a cow to climb. ",No,No,Yes
Jordan Heights Park,South Jordan,84009,2,Its City,"https://www.google.com/maps/dir/?api=1&destination=40.54690100300007,-111.98601304099998",No,No,No,No,Yes,No,No,No,No,Yes,No,No,No,No,No,No,No,No,No,No,No,No,No,40.54690100300007,-111.98601304099998,,No,No,Yes
Jordan Meadows,West Jordan,84084,4,Its City,"https://www.google.com/maps/dir/?api=1&destination=40.61429779400004,-111.95008508199999",No,No,No,No,Yes,No,No,No,No,Yes,No,No,No,No,Yes,No,No,No,No,No,Yes,No,No,40.61429779400004,-111.95008508199999,,No,Yes,Yes
Jordan Park,Salt Lake City,84104,5,Its City,"https://www.google.com/maps/dir/?api=1&destination=40.746255262000034,-111.91689088799995",Yes,No,No,Yes,Yes,Yes,Yes,No,Yes,Yes,Yes,Yes,No,Yes,No,No,No,Yes,Yes,Yes,No,No,No,40.746255262000034,-111.91689088799995,"Bike polo courts! Home to the treasured International Peace Gardens, which are also getting some love from the $85 million parks bond! This park secured my belief that every park should have at least a few double-wide picnic tables. BYO volleyball net.",No,Yes,Yes
Jordan Ridge Park,South Jordan,84095,4,Its City,"https://www.google.com/maps/dir/?api=1&destination=40.57796735200003,-111.95041409099997",Yes,No,No,Yes,Yes,No,No,No,Yes,Yes,No,Yes,No,No,Yes,No,No,Yes,Yes,No,Yes,No,No,40.57796735200003,-111.95041409099997,"An oasis! First best feature is the uninterrupted views, second is the .5 mile walking path around it",No,No,Yes
Jordan River Rotary Park,Draper,84020,5,Its City,"https://www.google.com/maps/dir/?api=1&destination=40.52687551200006,-111.86515578399997",Yes,No,No,No,Yes,No,No,No,Yes,Yes,Yes,Yes,No,No,No,Yes,No,No,No,Yes,No,No,No,40.52687551200006,-111.86515578399997,This park is at a trailhead to the Jordan River Parkway trail where you can see a lot of different birds and willdlife. The park provides easy access to an equestrian trail and a river boat launch. The picnic tables are shaded.,No,No,Yes
Juniper Canyon Eastern Trailhead ,Herriman,84065,4,Its City,"https://www.google.com/maps/dir/?api=1&destination=40.48605199100007,-111.98870643199996",Yes,No,No,No,Yes,No,No,No,No,No,No,No,No,No,No,No,No,No,No,No,No,No,No,40.48605199100007,-111.98870643199996,Great pump track! ,No,Yes,Yes
K9 Memorial Dog Park,Herriman,84096,4,Its City,"https://www.google.com/maps/dir/?api=1&destination=40.51954034500005,-112.01181873199994",No,No,No,No,No,No,No,No,No,No,Yes,Yes,No,No,No,No,No,No,No,No,No,No,No,40.51954034500005,-112.01181873199994,"Cuteeeee dog park with a nice walking path, agility course, and great views ",No,No,No
Kay Rees Park,Salt Lake City,84103,2,Its City,"https://www.google.com/maps/dir/?api=1&destination=40.785162254000056,-111.87400508999997",No,No,No,No,No,No,No,No,No,No,No,Yes,No,No,No,No,No,No,No,No,No,No,No,40.785162254000056,-111.87400508999997,"No amenities here, just a big field for play. The plaque reads, “In honor of Kay Rees — who envisioned a this park as a place for children.” So I would love love to see a playground here one day!",No,No,No
Kearns Linear Park,Kearns,84118,2,Its City,"https://www.google.com/maps/dir/?api=1&destination=40.65193642400004,-111.99650757399996",No,No,No,No,No,No,No,No,No,No,No,No,No,No,No,No,No,No,No,No,No,No,No,40.65193642400004,-111.99650757399996,,No,No,No
Kinder Park,Magna,84044,3,Its City,"https://www.google.com/maps/dir/?api=1&destination=40.68797030400003,-112.09595931799998",No,No,No,Yes,Yes,No,No,No,No,Yes,No,No,No,No,No,No,No,No,No,No,No,Yes,No,40.68797030400003,-112.09595931799998,Built in cornhole boards! ,No,Yes,Yes
Kingspointe Park,West Valley City,84119,3,Its City,"https://www.google.com/maps/dir/?api=1&destination=40.692750269000044,-111.93125907699999",No,No,No,Yes,Yes,No,No,No,No,Yes,No,Yes,No,No,Yes,No,Yes,No,No,No,No,No,No,40.692750269000044,-111.93125907699999,Beautiful views! BYO volleyball net.,No,Yes,Yes
Kletting Park,Salt Lake City,84103,5,Its City,"https://www.google.com/maps/dir/?api=1&destination=40.77329927400007,-111.88197260699997",No,No,No,No,No,No,No,No,No,Yes,No,No,No,No,No,No,No,No,No,No,No,No,No,40.77329927400007,-111.88197260699997,Lots of benches and shade!,No,No,No
Knudsen Park,Holladay,84121,5,Its City,"https://www.google.com/maps/dir/?api=1&destination=40.63716194600005,-111.81190391199999",Yes,No,No,No,Yes,Yes,No,No,Yes,Yes,No,Yes,No,No,No,No,No,No,No,Yes,No,No,No,40.63716194600005,-111.81190391199999,Knudsen park offer hammock hooks and is the trailhead to a paved bike path into Big Cottonwood. This park also has a water features for kids- not a splash pad but more like a giant water table. ,No,Yes,Yes
L & L Hamilton Park,Herriman,84096,3,Its City,"https://www.google.com/maps/dir/?api=1&destination=40.50654093400004,-112.04246716099999",Yes,No,No,No,Yes,No,No,No,Yes,Yes,No,Yes,No,No,No,No,No,No,Yes,No,No,No,No,40.50654093400004,-112.04246716099999,Cute new playground ,No,No,Yes
Labrum Park,Taylorsville,84129,3,Salt Lake County,"https://www.google.com/maps/dir/?api=1&destination=40.64085946800003,-111.94318586899999",Yes,No,No,Yes,Yes,No,No,No,Yes,Yes,No,Yes,No,No,No,No,No,No,No,No,No,No,No,40.64085946800003,-111.94318586899999,Mini rock climbing wall for small kids. Cute pavilion for parties.,No,Yes,Yes
Laird Park,Salt Lake City,84108,4,Its City,"https://www.google.com/maps/dir/?api=1&destination=40.74243266500008,-111.83930815399998",No,No,No,No,No,No,No,No,Yes,Yes,No,Yes,No,No,No,No,No,No,No,No,No,No,No,40.74243266500008,-111.83930815399998,Cute neighoborhood park with a sandbox!,No,No,Yes
Lake Avenue Park,South Jordan,84009,4,Daybreak HOA,"https://www.google.com/maps/dir/?api=1&destination=40.54962042400007,-112.01417050299995",No,No,No,Yes,No,No,No,No,No,Yes,Yes,No,No,No,No,No,No,No,No,No,No,No,No,40.54962042400007,-112.01417050299995,"Beautiful area of fire pits with Adirondack chairs, charming sculptures, nice picnic tables with grills and little tunnels to climb through as well as a giant climbing structure over sand. Off-lease park is just across Lake Avenue.",No,Yes,Yes
Lamplight Village Park/Elk Run Park ,Magna,84044,3,Its City,"https://www.google.com/maps/dir/?api=1&destination=40.69408469000007,-112.09192915799997",No,No,No,No,No,No,No,No,No,No,No,No,No,No,Yes,No,No,No,No,Yes,No,No,No,40.69408469000007,-112.09192915799997,Cute field along a little river pathway. ,No,No,Yes
Liberty Park,Salt Lake City,84105,5,Its City,"https://www.google.com/maps/dir/?api=1&destination=40.74536928500004,-111.87396285699998",Yes,Yes,Yes,No,Yes,Yes,No,No,Yes,Yes,No,Yes,No,No,Yes,No,Yes,No,No,No,Yes,No,No,40.74536928500004,-111.87396285699998,"Salt Lake City's oldest park! And a crown jewel of the city. Bocce ball courts, horseshoe pits, handball/wall ball. Heads up, tennis courts aren't free! Liberty Tennis runs that operation. There's even a gazebo for weddings!

The Rotary Playground is gett",No,Yes,Yes
Lincoln Park,South Salt Lake,84115,1,Its City,"https://www.google.com/maps/dir/?api=1&destination=40.69082058600003,-111.88169352199998",No,No,No,No,No,No,No,No,No,No,No,No,No,No,No,No,No,No,No,No,No,No,No,40.69082058600003,-111.88169352199998,This park is a piece of lawn between town homes.,No,No,No
Lindsey Gardens,Salt Lake City,84103,4,Its City,"https://www.google.com/maps/dir/?api=1&destination=40.77906834700008,-111.865520603",Yes,No,No,No,Yes,No,Yes,No,No,Yes,Yes,Yes,No,No,No,No,No,No,No,No,No,No,No,40.77906834700008,-111.865520603,Disappointed the dog water fountain wasn’t working. Great hill for sledding north of the east baseball diamond. Sinks by the pavilion! Little trial to the fire station. Not one but three baseball diamonds. ,No,Yes,Yes
Linear Park ,South Jordan,84009,3,Daybreak HOA,"https://www.google.com/maps/dir/?api=1&destination=40.55308359700007,-112.00866543399997",No,No,No,No,No,Yes,No,No,No,No,No,Yes,No,No,No,No,No,No,No,No,No,No,No,40.55308359700007,-112.00866543399997,Lovely jogging path.,No,No,No
Lions Park,South Salt Lake,84115,3,Its City,"https://www.google.com/maps/dir/?api=1&destination=40.717749353000045,-111.88085518999998",Mysteriously locked,No,No,No,No,No,No,No,Yes,Yes,Yes,No,No,No,No,No,No,No,No,No,No,No,No,40.717749353000045,-111.88085518999998,Dog area closed until June 2024 for renovations (which is great). Dog area has a small obstacle course and water fountain. Great use of underpass-adjacent space.,No,Yes,Yes
Little Confluence Trailhead,Taylorsville,84123,4,Its City,"https://www.google.com/maps/dir/?api=1&destination=40.66652553000006,-111.91023203599997",No,No,No,No,No,No,No,No,No,No,No,No,No,No,No,No,No,No,No,Yes,No,No,No,40.66652553000006,-111.91023203599997,This is the place. Wheelchair-friendly picnic table. Charming trailhead. Boat take out. Jordan River charm.,No,No,Yes
Little Valley Park ,Magna,84044,2,Its City,"https://www.google.com/maps/dir/?api=1&destination=40.68565787700004,-112.09466615499997",No,No,No,No,No,No,No,No,No,Yes,No,No,No,No,No,No,No,No,No,No,No,No,No,40.68565787700004,-112.09466615499997,Neighborhood playground ,No,No,No
Lobelia Park,West Jordan,84081,3,Its City,"https://www.google.com/maps/dir/?api=1&destination=40.63401649000008,-112.01103770999998",No,No,No,No,Yes,No,No,No,No,Yes,No,No,No,No,No,No,No,No,No,No,No,No,No,40.63401649000008,-112.01103770999998,,No,Yes,Yes
Loder Park,Kearns,84118,3,Its City,"https://www.google.com/maps/dir/?api=1&destination=40.64103058400008,-112.01361534499995",No,No,No,No,No,No,No,No,No,Yes,No,No,No,No,No,No,No,No,No,No,No,No,No,40.64103058400008,-112.01361534499995,,No,Yes,Yes
Lodestone Park,Kearns,84118,4,Salt Lake County,"https://www.google.com/maps/dir/?api=1&destination=40.63858836500003,-112.03851502599997",Yes,No,No,No,Yes,No,No,No,Yes,Yes,No,Yes,No,No,Yes,No,No,No,No,No,Yes,Yes,No,40.63858836500003,-112.03851502599997,A British cricket pitch! Fantastic playground and a mountain bike skills course!,No,Yes,Yes
Lone Peak Park,Sandy,84070,4,Its City,"https://www.google.com/maps/dir/?api=1&destination=40.564884422000034,-111.87223766399995",Yes,No,No,Yes,Yes,No,Yes,Yes,Yes,Yes,No,Yes,No,Yes,Yes,No,No,No,Yes,No,No,No,No,40.564884422000034,-111.87223766399995,Indoor pavilion accommodates up to 230 people. ,No,Yes,Yes
Lucas Dell Park Playground,South Jordan,84095,4,Its City,"https://www.google.com/maps/dir/?api=1&destination=40.54420527900004,-111.97503711399997",No,No,No,Yes,Yes,No,No,No,No,Yes,No,No,No,No,No,No,No,No,No,No,No,No,No,40.54420527900004,-111.97503711399997,Really charmed by this shady playground and picnic table,No,No,Yes
Madsen Park,Salt Lake City,84116,3,Its City,"https://www.google.com/maps/dir/?api=1&destination=40.76956417100007,-111.91846141099995",No,No,No,No,No,No,No,No,No,Yes,No,No,No,No,Yes,No,No,No,Yes,No,No,No,No,40.76956417100007,-111.91846141099995,,No,No,No
Magna Copper Park,Magna,84044,4,Salt Lake County,"https://www.google.com/maps/dir/?api=1&destination=40.71287336000006,-112.10594859699995",Yes,No,No,No,Yes,Yes,Yes,No,Yes,Yes,No,Yes,No,Yes,Yes,No,No,No,Yes,No,Yes,No,No,40.71287336000006,-112.10594859699995,Horseshoes and big shady trees. Love that the playground has stadium seating for guardians. ,No,Yes,Yes
Magna Mantle Park,Magna,84044,2,Its City,"https://www.google.com/maps/dir/?api=1&destination=40.71102928100004,-112.10771709899996",No,No,No,No,No,No,No,No,No,No,No,No,No,No,No,No,No,No,No,No,No,No,No,40.71102928100004,-112.10771709899996,"Would love grass here, but this is a fun statue park with a GIANT gyratory crusher statue (presumably related to the town’s mining history). ",No,Yes,No
Magna Mini Park ,Magna,84044,1,Its City,"https://www.google.com/maps/dir/?api=1&destination=40.71074053900003,-112.10712194499996",No,No,No,No,No,No,No,No,No,No,No,No,No,No,No,No,No,No,No,No,No,No,No,40.71074053900003,-112.10712194499996,A patch of grass that could be so much more.,No,No,No
Magna Neighborhood Park,Magna,84044,3,Salt Lake County,"https://www.google.com/maps/dir/?api=1&destination=40.70776646500008,-112.10931416599999",No,No,No,No,No,No,No,No,No,No,No,No,No,No,Yes,No,No,No,No,No,No,No,No,40.70776646500008,-112.10931416599999,,No,Yes,No
Magna Regional Park ,Magna,84044,4,Salt Lake County,"https://www.google.com/maps/dir/?api=1&destination=40.68333115200005,-112.06313605799994",Yes,No,No,No,Yes,No,No,No,Yes,Yes,No,Yes,Yes,No,No,No,No,No,No,No,No,No,No,40.68333115200005,-112.06313605799994,Killer playground with a huge splash pad and great views,No,Yes,Yes
Main Street Park,Herriman,84096,3,Its City,"https://www.google.com/maps/dir/?api=1&destination=40.51512500000007,-112.031568",Yes,No,No,No,Yes,No,Yes,No,Yes,Yes,No,Yes,No,No,No,No,Yes,No,No,No,No,No,No,40.51512500000007,-112.031568,,No,Yes,Yes
Main Street Park,Sandy,84070,5,Its City,"https://www.google.com/maps/dir/?api=1&destination=40.592354999000065,-111.88829229899994",Yes,No,No,Yes,Yes,No,No,No,Yes,Yes,No,Yes,No,No,No,No,No,No,No,No,No,No,No,40.592354999000065,-111.88829229899994,Very charming neighborhood park with a new playground and nice bathrooms. I love when the pavilion has a fireplace! This is where the Sandy City time capsule was buried in 2023.,No,Yes,Yes
Manas Way Park,Herriman,84096,2,Its City,"https://www.google.com/maps/dir/?api=1&destination=40.50146366600006,-112.03664471899998",No,No,No,No,No,No,No,No,No,Yes,No,No,No,No,No,No,No,No,No,No,No,No,No,40.50146366600006,-112.03664471899998,,No,No,No
Maple Hills Park,West Jordan,84081,4,Its City,"https://www.google.com/maps/dir/?api=1&destination=40.61658796300003,-112.04685796599995",No,No,No,No,Yes,No,No,No,Yes,Yes,No,Yes,No,Yes,Yes,No,No,No,No,No,No,No,No,40.61658796300003,-112.04685796599995,"Why don’t mor of our parks have bench swings? Really curious little playground, lots of takes on thrill, including a mini skate park.",No,Yes,Yes
Maple Hollow Trailhead Park,Draper,84020,3,Its City,"https://www.google.com/maps/dir/?api=1&destination=40.476134596000065,-111.85099886799998",No,No,No,No,No,No,No,No,No,No,No,Yes,No,No,No,No,No,No,No,No,No,No,No,40.476134596000065,-111.85099886799998,"Really charming place to meet up for your mountain bike ride, even has a multitool!",No,No,Yes
Maple Meadows Park,West Valley City,84119,3,Its City,"https://www.google.com/maps/dir/?api=1&destination=40.69974616600007,-111.95524088899998",No,No,No,Yes,Yes,No,No,No,No,Yes,No,Yes,No,No,Yes,No,No,No,No,No,No,No,No,40.69974616600007,-111.95524088899998,Cute neighborhood park,No,No,Yes
Maples Park,West Jordan,84081,3,Its City,"https://www.google.com/maps/dir/?api=1&destination=40.614621605000025,-112.05182967399998",No,No,No,Yes,Yes,No,No,No,No,Yes,No,No,No,No,No,No,No,No,No,No,No,No,No,40.614621605000025,-112.05182967399998,,No,No,Yes
Margaret Park,Riverton,84065,2,Its City,"https://www.google.com/maps/dir/?api=1&destination=40.528417458000035,-111.92614766099996",No,No,No,No,No,No,No,No,No,No,No,No,No,No,No,No,No,No,No,No,No,No,No,40.528417458000035,-111.92614766099996,Large sloping grass areas with a pathway. Good for frisbee or sitting on a bench staring at the sun.,No,No,No
Marketplace Park,Bluffdale,84065,3,Its City,"https://www.google.com/maps/dir/?api=1&destination=40.48261443400003,-111.90944037099996",No,No,No,No,No,No,No,No,No,Yes,No,Yes,No,No,No,No,No,No,No,No,No,No,No,40.48261443400003,-111.90944037099996,Cute little pocket park for the neighborhood.,No,No,Yes
McCall Park,South Salt Lake,84115,3,Its City,"https://www.google.com/maps/dir/?api=1&destination=40.68951875500005,-111.88423352699999",No,No,No,No,No,No,No,No,Yes,Yes,No,No,No,No,No,No,No,No,No,No,No,No,No,40.68951875500005,-111.88423352699999,,No,No,Yes
McHeather Park,West Jordan,84084,3,Its City,"https://www.google.com/maps/dir/?api=1&destination=40.625833628000066,-111.93226437399994",No,No,No,Yes,Yes,No,No,No,No,Yes,No,No,No,No,Yes,No,No,No,No,No,No,No,No,40.625833628000066,-111.93226437399994,,No,No,Yes
McIntyre Park,Cottonwood Heights,84121,1,Its City,"https://www.google.com/maps/dir/?api=1&destination=40.616226536000056,-111.81537639399994",No,No,No,No,No,No,No,No,No,No,No,No,No,No,No,No,No,No,No,No,No,No,No,40.616226536000056,-111.81537639399994,This park is adjacent to the Cottonwood Heights Recreation center. It has a large cement slab that used to have tennis courts that are totally gone. Nice views though!,No,No,No
Meadow Green Farms Park,West Jordan,84088,3,Its City,"https://www.google.com/maps/dir/?api=1&destination=40.59765893000008,-111.96297630799995",No,No,No,No,Yes,No,No,No,No,Yes,No,No,No,No,No,No,No,No,No,No,No,No,No,40.59765893000008,-111.96297630799995,,No,No,Yes
Meadowlands Park ,West Valley City,84128,3,Its City,"https://www.google.com/maps/dir/?api=1&destination=40.69915406400003,-112.03134381799998",No,No,No,Yes,No,No,No,No,No,Yes,No,No,No,No,No,No,No,No,No,No,No,No,No,40.69915406400003,-112.03134381799998,Cute little neighborhood (almost pocket sized) park with lots of shady trees.,No,No,Yes
Meadowlark Park,Draper,84020,3,Its City,"https://www.google.com/maps/dir/?api=1&destination=40.503040662000046,-111.857947449",No,No,No,No,Yes,No,No,No,No,Yes,No,No,No,No,Yes,No,No,No,No,No,No,No,No,40.503040662000046,-111.857947449,,No,No,Yes
Meadows Park,Salt Lake City,84116,3,Its City,"https://www.google.com/maps/dir/?api=1&destination=40.77821426100007,-111.94655828599997",No,No,No,No,Yes,No,No,No,Yes,Yes,No,Yes,No,No,No,No,No,No,No,No,No,No,No,40.77821426100007,-111.94655828599997,Perfectly appointed little neighborhood park.,No,Yes,Yes
Mehraban Wetland Park,Draper,84020,4,Its City,"https://www.google.com/maps/dir/?api=1&destination=40.53827608300003,-111.86655611699996",No,No,Yes,No,No,No,No,No,No,No,No,No,No,No,No,Yes,No,No,No,No,No,No,No,40.53827608300003,-111.86655611699996,Lovely paved walk/jog path through neighborhood wetlands. You can fish here too. Be careful though because it’s not exactly a loop so you’ll need to connect yourself through the neighborhood.,No,No,No
Memory Grove,Salt Lake City,84103,5,Its City,"https://www.google.com/maps/dir/?api=1&destination=40.77641286100004,-111.88537650799998",Yes,No,Yes,No,No,Yes,No,No,No,No,Yes,Yes,No,No,No,No,No,No,No,Yes,No,No,No,40.77641286100004,-111.88537650799998,"Charming off leash dog area that follows City Creek. Great workout stairs to the east and west. Popular picnic situation. Secret additional park at the top of the east stairs. 

Throw a party at the Memorial House! https://memorialhouse-utah.com/",No,Yes,Yes
Miami Park,Salt Lake City,84116,3,Its City,"https://www.google.com/maps/dir/?api=1&destination=40.803223037000066,-111.94198743999999",No,No,No,No,No,No,No,No,No,Yes,No,No,No,No,No,No,No,No,No,No,No,No,No,40.803223037000066,-111.94198743999999,"Cute park with a big, grassy bowl for neighborhood play.",No,No,No
Midas Creek Park,South Jordan,84095,4,Its City,"https://www.google.com/maps/dir/?api=1&destination=40.539247042000056,-111.95921502799996",No,No,No,No,Yes,No,No,No,No,Yes,No,Yes,No,No,No,No,No,No,No,No,No,No,No,40.539247042000056,-111.95921502799996,Love all this grass and maturing trees.,No,No,Yes
Midas Quarry Park,Herriman,84096,4,Its City,"https://www.google.com/maps/dir/?api=1&destination=40.52796159500008,-112.00280894299999",No,No,No,Yes,Yes,No,No,No,No,No,No,No,No,No,No,No,No,No,No,No,No,No,No,40.52796159500008,-112.00280894299999,,No,No,Yes
Midvale City Park,Midvale,84047,3,Its City,"https://www.google.com/maps/dir/?api=1&destination=40.61506468400006,-111.90332894999995",Mysteriously locked,No,No,No,Yes,No,No,No,Yes,Yes,No,Yes,Yes,No,Yes,Yes,Yes,No,No,No,Yes,Yes,No,40.61506468400006,-111.90332894999995,Love this giant field for play. BYO volleyball net,No,No,Yes
Mill Hollow Park,Cottonwood Heights,84121,4,Salt Lake County,"https://www.google.com/maps/dir/?api=1&destination=40.62765031500004,-111.81159984499999",Yes,No,No,Yes,Yes,No,No,No,No,Yes,No,No,No,No,No,No,No,No,No,No,Yes,No,No,40.62765031500004,-111.81159984499999,"There’s a U in the hill here! Lots of grass area for play, I saw two football games happening at once. ",No,No,Yes
Miller Bird Refuge and Nature Park,Salt Lake City,84108,5,Its City,"https://www.google.com/maps/dir/?api=1&destination=40.74652886100006,-111.84654563499998",No,No,No,No,No,No,No,No,No,No,No,No,No,No,No,No,No,No,No,Yes,No,No,No,40.74652886100006,-111.84654563499998,"No amenities here, but this is amazing little lunch break stroll or jog. And it’s a loop! There’s a small amphitheater, too.",No,Yes,No
Millrace Park,Taylorsville,84123,4,Its City,"https://www.google.com/maps/dir/?api=1&destination=40.653096273000074,-111.92553936699994",Yes,No,No,Yes,Yes,No,No,No,Yes,Yes,Yes,Yes,No,No,No,No,No,No,No,Yes,No,Yes,No,40.653096273000074,-111.92553936699994,Boat access ramp to the Jordan River! And it’s right on the Jordan River Trail so lots of opportunity to meander. Named for the Millrace Flour Mill that used to stand along the river. Some large metal net like structures on the field make it possible for ,No,No,Yes
Mineral Way Park,Herriman,84096,5,Its City,"https://www.google.com/maps/dir/?api=1&destination=40.53597360600003,-112.00728423899994",No,No,No,No,No,No,No,No,No,Yes,No,No,No,No,Yes,No,No,No,No,No,No,No,No,40.53597360600003,-112.00728423899994,This is such a nice winding park with big trees and even a sandbox and a tire swing! ,No,Yes,Yes
Modesto Park,Salt Lake City,84104,2,Its City,"https://www.google.com/maps/dir/?api=1&destination=40.74347750000004,-111.92001780299995",No,No,No,No,No,No,No,No,Yes,Yes,No,No,No,No,No,No,No,No,No,Yes,No,No,No,40.74347750000004,-111.92001780299995,"I can’t figure out why this park doesn’t speak to me, it might be the dead grass. What it does have is a boat ramp to the Jordan River!",No,No,Yes
Monarch Meadows Park,Riverton,84096,3,Its City,"https://www.google.com/maps/dir/?api=1&destination=40.502575412000056,-112.00716229399995",Yes,No,No,No,Yes,No,No,No,Yes,Yes,No,Yes,No,No,No,No,No,No,Yes,No,No,No,No,40.502575412000056,-112.00716229399995,,No,Yes,Yes
Moonlite Meadows Park,Magna,84044,3,Its City,"https://www.google.com/maps/dir/?api=1&destination=40.69528076800003,-112.09434932799996",No,No,No,No,No,No,No,No,Yes,Yes,No,No,No,No,No,No,No,No,No,No,No,No,No,40.69528076800003,-112.09434932799996,,No,Yes,No
Morning Cloak Park,Riverton,84096,4,Its City,"https://www.google.com/maps/dir/?api=1&destination=40.50366269600005,-112.01571343999996",No,No,No,No,Yes,No,No,No,Yes,Yes,No,Yes,No,No,Yes,No,No,No,No,No,No,No,No,40.50366269600005,-112.01571343999996,2 basketball courts and a giant bowl field for dogs or games! ,No,No,Yes
Mount Jordan Park,Bluffdale,84065,2,Its City,"https://www.google.com/maps/dir/?api=1&destination=40.476958952000075,-111.91408246399999",Yes,No,No,No,No,No,No,No,Yes,Yes,No,Yes,No,No,Yes,No,No,No,No,No,No,No,No,40.476958952000075,-111.91408246399999,Right on the Independence Trail.,No,No,Yes
Mountain Man Park,Kearns,84118,3,Its City,"https://www.google.com/maps/dir/?api=1&destination=40.66162948500005,-112.01627798899995",No,No,No,No,No,No,No,No,Yes,Yes,No,No,No,No,No,No,No,No,No,No,No,No,No,40.66162948500005,-112.01627798899995,"Love this giant field for play with a mountain backdrop. Sadly, the bathroom was in BAD shape when I was here.",No,No,Yes
Mountain View Park ,Riverton,84096,3,Its City,"https://www.google.com/maps/dir/?api=1&destination=40.49599229700004,-112.00672170699994",No,No,No,No,No,No,No,No,No,Yes,No,Yes,No,No,No,No,No,No,No,No,No,No,Yes,40.49599229700004,-112.00672170699994,Great trail with fitness equipment! Big field for play.,No,No,Yes
Mountview Park,Cottonwood Heights,84121,4,Its City,"https://www.google.com/maps/dir/?api=1&destination=40.62522334600004,-111.84421405799998",Yes,No,No,Yes,Yes,No,No,No,No,Yes,No,Yes,Yes,No,Yes,No,No,No,Yes,No,Yes,No,No,40.62522334600004,-111.84421405799998,You can BYO food trucks here for a $50 park fee and take your pavilion party to the next level.,No,No,Yes
Murray City Park,Murray,84107,5,Its City,"https://www.google.com/maps/dir/?api=1&destination=40.66013679500003,-111.88201776499994",Yes,Yes,No,No,Yes,Yes,Yes,Yes,Yes,Yes,No,Yes,No,No,Yes,No,No,No,Yes,Yes,No,Yes,Yes,40.66013679500003,-111.88201776499994,"Arboretum! Amphitheater! Tale trail! Farm Bureau farmers market! Rugby fields! The basketball court is indoors, and there is also an indoor pool if you want to swim in the winter.",No,Yes,Yes
Noble Heights,West Jordan,84088,3,Its City,"https://www.google.com/maps/dir/?api=1&destination=40.607601283000065,-111.97934165699996",No,No,No,No,Yes,No,No,No,Yes,Yes,No,No,No,No,No,No,No,No,No,No,No,No,No,40.607601283000065,-111.97934165699996,This park is between several housing units. You have to walk through the parking area of the apartments to get to the park.,No,Yes,Yes
North Gateway Park,Salt Lake City,84103,2,Its City,"https://www.google.com/maps/dir/?api=1&destination=40.79096749400003,-111.90148120299995",Mysteriously locked,No,No,No,No,No,No,No,No,No,No,Yes,No,No,No,No,No,No,No,Yes,No,No,No,40.79096749400003,-111.90148120299995,The actual site of the warm Springs Hot Spring.,No,No,No
North Park,Kearns,84118,3,Its City,"https://www.google.com/maps/dir/?api=1&destination=40.64918902900007,-112.02140743999996",No,No,No,No,No,No,No,No,No,Yes,No,No,No,No,No,No,No,No,No,No,No,No,No,40.64918902900007,-112.02140743999996,,No,No,No
Noyo Park,South Jordan,,2,Daybreak HOA,"https://www.google.com/maps/dir/?api=1&destination=40.563149218000035,-112.00383427399998",No,No,No,No,No,No,No,No,No,No,No,No,No,No,No,No,No,No,No,No,No,No,No,40.563149218000035,-112.00383427399998,"Small swing set, but no other play structure. ",No,No,No
Oaks East Park,West Jordan,84081,3,Its City,"https://www.google.com/maps/dir/?api=1&destination=40.60214771600005,-112.03855749999997",No,No,No,Yes,Yes,No,No,No,No,Yes,No,No,No,No,No,No,No,No,No,No,No,No,No,40.60214771600005,-112.03855749999997,Lil sledding hill! ,No,Yes,Yes
Oaks Park,West Jordan,84081,4,Its City,"https://www.google.com/maps/dir/?api=1&destination=40.60228357500006,-112.05042648499995",No,No,No,Yes,Yes,No,No,No,No,Yes,No,Yes,No,No,Yes,No,Yes,No,No,No,No,No,No,40.60228357500006,-112.05042648499995,Tons of great hammocking trees. A fun sledding hill! ,No,Yes,Yes
Old Farm Park,Riverton,84065,3,Its City,"https://www.google.com/maps/dir/?api=1&destination=40.50349813500003,-111.96790741799998",Yes,No,Yes,No,Yes,No,Yes,No,No,Yes,No,Yes,Yes,No,No,No,No,No,No,No,No,No,No,40.50349813500003,-111.96790741799998,Home to the Danny R. Crump fishing pond! And a big field for play.,No,No,Yes
Old Mill Park ,Cottonwood Heights,84121,3,Salt Lake County,"https://www.google.com/maps/dir/?api=1&destination=40.62918745200005,-111.80266434999999",No,No,Yes,No,No,No,No,No,No,No,No,No,No,No,No,No,No,No,No,Yes,No,No,No,40.62918745200005,-111.80266434999999,Complete with a river and charming wooden bridge. The Cottonwood Paper Mill aka the old mill has an interesting history.,No,No,No
Olympus 8 Park,Holladay,84117,4,Its City,"https://www.google.com/maps/dir/?api=1&destination=40.674179097000035,-111.83084904199995",No,No,No,No,No,No,No,No,No,No,No,No,No,No,No,No,No,No,No,No,No,No,No,40.674179097000035,-111.83084904199995,"These trees are the largest Austrian Pines in the United States! Or at least, they were, when dedicated in 1994.",No,No,Yes
Olympus Hills,Holladay,84124,5,Salt Lake County,"https://www.google.com/maps/dir/?api=1&destination=40.67701122200003,-111.80555752099997",Yes,No,No,No,Yes,Yes,No,No,Yes,Yes,No,Yes,No,No,No,No,No,No,No,No,Yes,No,No,40.67701122200003,-111.80555752099997,Park has a lovely area of natural trails and a loop or paved trail/stairs. ,No,Yes,Yes
Oquirrh Highlands Park,Unincorporated Salt Lake County ,84081,3,Salt Lake County,"https://www.google.com/maps/dir/?api=1&destination=40.628764975000024,-112.03861963799994",No,No,No,No,Yes,No,No,No,No,Yes,No,No,No,No,No,No,Yes,No,No,No,No,No,No,40.628764975000024,-112.03861963799994,"Great views, kickball or baseball diamond (minus bases), and horseshoes! ",No,No,Yes
Oquirrh Park,Kearns,84118,4,Salt Lake County,"https://www.google.com/maps/dir/?api=1&destination=40.64556200000004,-112.01271799999995",Yes,Yes,No,No,Yes,No,Yes,Yes,Yes,Yes,No,Yes,Yes,Yes,No,No,No,No,No,No,Yes,Yes,No,40.64556200000004,-112.01271799999995,"This pool is a party for families, the place to be on a hot day",No,Yes,Yes
Oquirrh Park,Riverton,84065,3,Its City,"https://www.google.com/maps/dir/?api=1&destination=40.519358699000065,-111.95781092699997",No,No,No,No,Yes,No,No,No,Yes,Yes,No,No,No,No,Yes,No,No,No,No,No,No,No,No,40.519358699000065,-111.95781092699997,,No,No,Yes
Oquirrh Shadows Park ,South Jordan,84095,4,Its City,"https://www.google.com/maps/dir/?api=1&destination=40.56349179000006,-111.987686355",Yes,No,No,No,Yes,No,No,No,No,Yes,No,No,Yes,No,No,No,No,No,Yes,No,No,No,Yes,40.56349179000006,-111.987686355,Really great jogging path,No,No,Yes
Orchard Park,South Jordan,84009,3,Daybreak HOA,"https://www.google.com/maps/dir/?api=1&destination=40.557670632000054,-111.99446359299998",No,No,No,No,No,No,No,No,No,Yes,No,Yes,No,No,No,No,No,No,No,No,No,No,No,40.557670632000054,-111.99446359299998,,No,No,No
Orson Smith Park,Draper,84020,4,Its City,"https://www.google.com/maps/dir/?api=1&destination=40.52217643800003,-111.83348653199994",Yes,No,No,No,Yes,No,No,No,No,Yes,No,Yes,No,No,No,No,No,No,No,No,No,No,No,40.52217643800003,-111.83348653199994,Trailhead for the iconic Bear Canyon suspension bridge! ,No,No,Yes
Overlook Park,South Jordan,84009,4,Daybreak HOA,"https://www.google.com/maps/dir/?api=1&destination=40.55622454400003,-111.98948373399998",No,No,No,No,No,No,No,No,No,No,No,No,No,No,No,No,No,No,No,No,No,No,No,40.55622454400003,-111.98948373399998,Gorgeous walking path on a bench with 180 mountain views ,No,No,No
Park Village Park ,West Jordan,84081,4,Its City,"https://www.google.com/maps/dir/?api=1&destination=40.612987375000046,-112.00669084499998",No,No,No,No,Yes,No,No,No,No,Yes,No,No,No,No,No,No,No,No,No,No,No,No,No,40.612987375000046,-112.00669084499998,Cute sledding hill and lush grass for play,No,No,Yes
Parkway Park ,West Valley City,84119,4,Its City,"https://www.google.com/maps/dir/?api=1&destination=40.711103679000075,-111.97292079299996",Yes,No,No,Yes,Yes,No,No,No,Yes,Yes,No,Yes,No,Yes,Yes,No,No,No,No,No,Yes,Yes,No,40.711103679000075,-111.97292079299996,This park has a permanent table tennis table and a permanent corn hole set up. ,No,Yes,Yes
Parley’s Historic Nature Park,Salt Lake City,84109,4,Its City,"https://www.google.com/maps/dir/?api=1&destination=40.71079003500006,-111.80768124299999",No,No,No,No,Yes,No,No,No,No,No,Yes,No,No,No,No,No,No,No,No,Yes,No,No,No,40.71079003500006,-111.80768124299999,"This is a very cool dog park, a long trail that winds past two river swim spots. Sadly, the uncollected poop situation can get out of hand/trash cans fill quickly.",No,No,Yes
Parley’s Way Park ,Salt Lake City,84109,4,Its City,"https://www.google.com/maps/dir/?api=1&destination=40.71638501600006,-111.80969826399996",No,No,No,No,No,No,No,No,Yes,Yes,No,Yes,No,No,No,No,No,No,No,No,No,No,No,40.71638501600006,-111.80969826399996,This is a great little stretch of park complete with a toy-stocked sandbox.,No,Yes,Yes
Parry Farms Park,Bluffdale,84065,4,Its City,"https://www.google.com/maps/dir/?api=1&destination=40.46930774700007,-111.93457537599994",Yes,No,No,No,Yes,No,No,No,Yes,Yes,No,Yes,No,No,Yes,No,No,No,No,No,No,Yes,No,40.46930774700007,-111.93457537599994,Brand-spankin new park. 4 gorgeous pickleball courts. Really nice basketball court. Right on the Jordan River Trail!,No,Yes,Yes
Paul F. Walker 9-11 Memorial Park,Kearns,84118,1,Its City,"https://www.google.com/maps/dir/?api=1&destination=40.652971671000046,-112.00709474499996",No,No,No,No,No,No,No,No,No,No,No,No,No,No,No,No,No,No,No,No,No,No,No,40.652971671000046,-112.00709474499996,Would love to see grass here instead of rocks!,No,No,No
Peachwood Park,West Valley City,84120,5,Its City,"https://www.google.com/maps/dir/?api=1&destination=40.685429928000076,-111.97603625299996",No,No,No,No,No,No,No,No,Yes,Yes,No,Yes,No,No,No,No,No,No,No,No,No,No,No,40.685429928000076,-111.97603625299996,The playground here is accessible for wheelchairs! This park hosts a basketball hoop but not a full court. It also has permanent corn holdeand fire pit. It has an irrigation ditch that runs through it but was dry (May 2025.),No,Yes,Yes
Peek-a-boo Park,South Jordan,84095,3,Daybreak HOA,"https://www.google.com/maps/dir/?api=1&destination=40.53809429300003,-112.01017451999996",No,No,No,No,No,No,No,No,No,Yes,No,No,No,No,No,No,No,No,No,No,No,No,No,40.53809429300003,-112.01017451999996,,No,No,No
Peggy Green Park,Riverton,84065,3,Its City,"https://www.google.com/maps/dir/?api=1&destination=40.52995669400008,-111.93878886799996",No,No,No,No,Yes,No,No,No,Yes,Yes,No,Yes,No,No,Yes,No,Yes,No,No,No,No,No,No,40.52995669400008,-111.93878886799996,Beach volleyball always shows up in the most surprising places!,No,No,Yes
Pheasant Meadows,Draper,84020,3,Its City,"https://www.google.com/maps/dir/?api=1&destination=40.51482740700004,-111.87530211799998",No,No,No,No,Yes,No,No,No,No,Yes,No,Yes,No,No,No,No,No,Yes,No,No,No,No,No,40.51482740700004,-111.87530211799998,BYO volleyball net! ,No,No,Yes
Phillip Gates Memorial Park,Bluffdale,84065,4,Its City,"https://www.google.com/maps/dir/?api=1&destination=40.49111584000008,-111.91888565199997",Yes,No,Yes,No,Yes,No,No,No,Yes,Yes,No,No,No,No,No,No,No,No,No,No,No,No,No,40.49111584000008,-111.91888565199997,When the Frontrunner goes by it rocks this baby in a way I kind of love. Chess and checkers boards built in to the picnic tables! Bring your own pieces. Good views.,No,Yes,Yes
Pia Okwai Nature Center,South Salt Lake,84119,5,Its City,"https://www.google.com/maps/dir/?api=1&destination=40.69936860800004,-111.92311659399996",Yes,No,No,No,Yes,Yes,No,No,No,No,No,Yes,No,No,No,No,No,No,No,Yes,No,No,No,40.69936860800004,-111.92311659399996,"So much to offer, from a river lookout tower to crafts and activities during open hours.",No,Yes,Yes
Pioneer Crossing Regional Park,West Valley City,84119,4,Salt Lake County,"https://www.google.com/maps/dir/?api=1&destination=40.70171761600005,-111.92906238599994",Mysteriously locked,No,No,No,No,No,No,No,No,Yes,No,Yes,No,No,No,No,No,No,No,Yes,No,No,No,40.70171761600005,-111.92906238599994,"Home to the Utah Cultural Celebration Center’s outdoor amphitheater and the magnificent Chinese Heritage Gate, which was built in Taiwan and reassembled in Utah! Also home to the Oxbow docks if you want to launch a boat on the Jordan River. Follow the lit",No,Yes,No
Pioneer Park,Salt Lake City,84101,3,Its City,"https://www.google.com/maps/dir/?api=1&destination=40.761710908000055,-111.89974590799994",Yes,No,No,No,No,No,No,No,Yes,Yes,Yes,Yes,No,No,Yes,No,No,No,Yes,No,Yes,No,No,40.761710908000055,-111.89974590799994,Volleyball. Home to the downtown farmers market. Great gravel running/walking path to round out your downtown run.,No,Yes,Yes
Pleasant Green Park,Magna,84044,4,Salt Lake County,"https://www.google.com/maps/dir/?api=1&destination=40.70155201400007,-112.09186808899995",Yes,Yes,No,No,Yes,No,No,No,Yes,Yes,No,Yes,Yes,No,Yes,No,Yes,No,Yes,No,No,No,No,40.70155201400007,-112.09186808899995,"Great pool, BYO volleyball net. Bathrooms only at the pool or rec center next door. ",No,Yes,Yes
Plum Creek Park,West Jordan,84088,4,Its City,"https://www.google.com/maps/dir/?api=1&destination=40.599196547000076,-111.93357420999996",No,No,Yes,No,Yes,No,No,No,Yes,Yes,No,Yes,No,No,No,No,No,No,No,No,No,No,No,40.599196547000076,-111.93357420999996,"Very short walking path. Pond has algae infestation. There is signage about not catching the fish that have been stocked to eat the algae, but it is unclear if there is fishing. ",No,No,Yes
Poplar Grove Park,Salt Lake City,84104,3,Its City,"https://www.google.com/maps/dir/?api=1&destination=40.75316881300006,-111.92479957199998",Mysteriously locked,No,No,Yes,Yes,No,Yes,No,Yes,Yes,No,Yes,No,No,Yes,No,Yes,No,No,No,Yes,No,No,40.75316881300006,-111.92479957199998,Nicest horseshoes setup I’ve seen! BYO volleyball net.,No,No,Yes
Popperton Park,Salt Lake City,84114,3,Its City,"https://www.google.com/maps/dir/?api=1&destination=40.77825887100005,-111.85065543799999",No,No,No,No,No,Yes,No,No,No,Yes,No,No,No,No,No,No,No,No,Yes,No,No,No,No,40.77825887100005,-111.85065543799999,Beautiful views and a great winding trail! Also has a bike station with a pump and multi-tool.,No,No,No
Post Street Park,Salt Lake City,84104,2,Its City,"https://www.google.com/maps/dir/?api=1&destination=40.758513261000076,-111.91769691099995",No,No,No,No,No,No,No,No,No,Yes,No,Yes,No,No,No,No,No,No,No,No,No,No,No,40.758513261000076,-111.91769691099995,Cute pocket park! But needs a lil somethin.,No,No,No
Prairie Oaks Park,Herriman,84096,3,Its City,"https://www.google.com/maps/dir/?api=1&destination=40.498028254000076,-112.06591030699997",Yes,No,No,No,No,No,No,No,No,Yes,No,No,No,No,No,No,No,No,No,No,No,No,No,40.498028254000076,-112.06591030699997,,No,No,No
Premiere Park,Herriman,84096,2,Its City,"https://www.google.com/maps/dir/?api=1&destination=40.50399655700005,-112.03086704199995",No,No,No,No,No,No,No,No,No,Yes,No,No,No,No,No,No,No,No,No,No,No,No,No,40.50399655700005,-112.03086704199995,,No,No,No
Promise Park,South Salt Lake,84106,5,Its City,"https://www.google.com/maps/dir/?api=1&destination=40.722754622000025,-111.87689037299998",No,No,No,No,No,No,No,No,No,No,No,No,No,No,No,No,No,No,No,No,No,No,Yes,40.722754622000025,-111.87689037299998,Bistro tables with chairs! Astro turf! Right on the S-line with mural views. ,No,Yes,No
Prospector Park,South Jordan,84095,3,Its City,"https://www.google.com/maps/dir/?api=1&destination=40.56529436500006,-111.94826426499998",Yes,No,No,No,Yes,No,No,No,Yes,Yes,No,No,No,No,Yes,No,No,Yes,No,No,No,No,No,40.56529436500006,-111.94826426499998,,No,Yes,Yes
Pueblo del Montaña Park,Riverton,84065,3,Its City,"https://www.google.com/maps/dir/?api=1&destination=40.51471234500008,-111.94026573199994",No,No,No,No,No,No,Yes,No,No,Yes,No,No,No,No,No,No,No,No,No,No,No,No,Yes,40.51471234500008,-111.94026573199994,I’m so charmed by this neighborhood baseball diamond! ,No,No,Yes
Pugsley Ouray Park,Salt Lake City,84103,4,Its City,"https://www.google.com/maps/dir/?api=1&destination=40.78002794200006,-111.90110492399998",No,No,No,No,No,No,No,No,Yes,Yes,No,No,No,No,No,No,No,No,No,No,No,No,No,40.78002794200006,-111.90110492399998,"There was a wedding here on my visit, how magical! ",No,No,No
Quail Hollow Park,Sandy,84093,5,Its City,"https://www.google.com/maps/dir/?api=1&destination=40.58549462600007,-111.81022137999997",No,No,No,No,No,No,No,No,No,No,No,No,No,No,No,No,No,No,No,Yes,No,No,No,40.58549462600007,-111.81022137999997,"Totally undeveloped, with trails for walking and easy mountain biking. The city plans to add amenities at some point TBD. Seems de facto off-leash, but signs say on leash. Rating is highly subjective. ",No,No,No
Quarry Bend Park,Sandy,84094,3,Its City,"https://www.google.com/maps/dir/?api=1&destination=40.58809901400008,-111.86254001499998",Yes,No,No,No,Yes,No,Yes,No,No,Yes,No,Yes,No,No,No,No,No,No,No,No,No,No,No,40.58809901400008,-111.86254001499998,A true baseball park!,No,Yes,Yes
Railroad Park,West Jordan,84088,5,Its City,"https://www.google.com/maps/dir/?api=1&destination=40.59846794400005,-111.99962642099996",No,No,No,No,Yes,No,No,No,Yes,Yes,No,Yes,No,No,No,No,No,No,No,No,No,No,Yes,40.59846794400005,-111.99962642099996,Nice walking path connects exercise stations. Path is about a half of a mile. Big field serves as flood retention basin and is awfully soggy in places. Drinking fountain exists but is broken. ,No,No,Yes
Ranches Park ,West Jordan,84081,3,Its City,"https://www.google.com/maps/dir/?api=1&destination=40.60670522600003,-112.01656741799997",No,No,No,No,Yes,No,No,No,No,Yes,No,No,No,No,Yes,No,No,No,No,No,No,No,No,40.60670522600003,-112.01656741799997,,No,Yes,Yes
Redwood Meadows Park,Salt Lake City,84116,3,Its City,"https://www.google.com/maps/dir/?api=1&destination=40.77820526000005,-111.94128802799997",No,No,No,No,No,No,No,No,No,Yes,No,No,No,No,No,No,No,No,No,No,No,No,No,40.77820526000005,-111.94128802799997,"I’m so charmed by a narrow park or pocket park. Like, yes! Make everything a park. This is great for some lunchtime laps or (as I witnessed) learning to rollerblade.",No,Yes,Yes
Redwood Nature Area,West Valley City,84119,3,Salt Lake County,"https://www.google.com/maps/dir/?api=1&destination=40.70567857300006,-111.93671700699997",No,No,No,No,No,No,No,No,No,No,No,No,No,No,No,No,No,No,No,Yes,No,No,No,40.70567857300006,-111.93671700699997,Walk the one mile loop around this peaceful marsh dedicated to migratory birds. You might see a red winged blackbird (you’ll definitely hear one).,No,No,No
Redwood Park,West Valley City,84119,2,Its City,"https://www.google.com/maps/dir/?api=1&destination=40.70552899000006,-111.93630834399994",Yes,Yes,No,No,No,No,No,Yes,No,No,No,Yes,No,No,Yes,No,No,No,Yes,No,No,No,No,40.70552899000006,-111.93630834399994,Really close to the Jordan River Trail! ,No,No,No
Redwood Trailhead Park,West Valley City,84119,3,Its City,"https://www.google.com/maps/dir/?api=1&destination=40.720760674000076,-111.92277216099995",Mysteriously locked,No,No,No,Yes,No,No,No,Yes,Yes,No,Yes,No,No,No,No,No,No,No,Yes,No,No,No,40.720760674000076,-111.92277216099995,"Following some clues that this park is about to get a facelift. Missing picnic tables in the pavilion and grass area, temporarily closed bathrooms, etc. It will be a really shady place to hangout when they come back! Great trees here.",No,No,No
Reservoir Park,Salt Lake City,84102,4,Its City,"https://www.google.com/maps/dir/?api=1&destination=40.768311924000045,-111.85241942299996",No,No,No,No,No,No,No,No,Yes,Yes,No,Yes,No,No,No,No,No,No,No,No,Yes,No,No,40.768311924000045,-111.85241942299996,"Home to Finch Lane Gallery, a very cool thing for a park to have! I love the winding path down to the giant field for play. ",No,No,Yes
Richmond Park,Salt Lake City,84111,4,Its City,"https://www.google.com/maps/dir/?api=1&destination=40.75625666700006,-111.87831203599995",No,No,No,No,Yes,Yes,No,No,No,Yes,No,Yes,No,No,No,No,No,No,No,No,No,No,No,40.75625666700006,-111.87831203599995,Secret park perfect for a mid-day dog frisbee toss. And home to the murals of four iconic Black historymakers. https://utahwomenshistory.org/2022/08/lifting-as-we-climb/,No,Yes,Yes
River Heights Park,South Jordan,84095,3,Its City,"https://www.google.com/maps/dir/?api=1&destination=40.55021112800006,-111.97708907799995",No,No,No,No,Yes,No,No,No,Yes,Yes,No,No,No,No,No,No,No,No,No,No,No,No,No,40.55021112800006,-111.97708907799995,,No,No,Yes
Riverside Park,Salt Lake City,84116,4,Its City,"https://www.google.com/maps/dir/?api=1&destination=40.78243525900007,-111.93270789499996",Mysteriously locked,No,No,No,Yes,No,Yes,No,Yes,Yes,No,Yes,No,No,Yes,No,No,Yes,Yes,No,Yes,No,No,40.78243525900007,-111.93270789499996,"I love this park. Big trees, lots of amenities, and (in theory) three different restrooms. But alas, they were all closed and locked.",No,Yes,Yes
Riverton City Park,Riverton,84065,4,Its City,"https://www.google.com/maps/dir/?api=1&destination=40.522371288000045,-111.93325958299994",Yes,No,No,Yes,Yes,No,No,No,Yes,Yes,No,Yes,Yes,Yes,Yes,No,Yes,No,No,No,Yes,Yes,Yes,40.522371288000045,-111.93325958299994,2 tennis courts and 8 pickleball courts. Great picnic pergola areas. Rodeo arena! Three different playgrounds! This park will be a stunner when the trees are mature.,No,Yes,Yes
Riverton Village Park,Riverton,84065,3,Its City,"https://www.google.com/maps/dir/?api=1&destination=40.51936493300008,-111.95087458299997",No,No,No,No,Yes,No,No,No,Yes,Yes,No,No,No,No,No,No,No,No,No,No,No,No,No,40.51936493300008,-111.95087458299997,,No,No,Yes
Riverview Park,Murray,84123,4,Its City,"https://www.google.com/maps/dir/?api=1&destination=40.64392020200006,-111.91028928699996",Yes,No,No,No,Yes,No,No,Yes,Yes,Yes,No,Yes,No,No,Yes,No,No,Yes,No,No,No,Yes,No,40.64392020200006,-111.91028928699996,4 softball diamonds! 6 brand new pickleball courts! Prep tables at the picnic area. Horseshoes!,No,Yes,Yes
Ron Heaps Memorial Park,Salt Lake City,84111,3,Its City,"https://www.google.com/maps/dir/?api=1&destination=40.74638366800008,-111.88350014199995",No,No,No,No,No,Yes,No,No,No,No,No,No,No,No,No,No,No,No,No,No,No,No,No,40.74638366800008,-111.88350014199995,Chess tables! A community garden! ,No,Yes,Yes
Ron Wood Park,West Jordan,84081,5,Salt Lake County,"https://www.google.com/maps/dir/?api=1&destination=40.59330798700006,-112.03509979299997",Yes,No,No,No,Yes,No,Yes,No,Yes,Yes,Yes,Yes,Yes,Yes,Yes,Yes,No,No,No,No,Yes,Yes,No,40.59330798700006,-112.03509979299997,"Stellar skate and bike park! Plus, brand new basketball courts.",No,Yes,Yes
Roots Disc Golf Course,Salt Lake City,84116,3,Its City,"https://www.google.com/maps/dir/?api=1&destination=40.795703392000064,-111.939094636",No,No,No,No,Yes,No,No,No,No,No,No,No,No,No,No,Yes,No,No,No,Yes,No,No,No,40.795703392000064,-111.939094636,Even on a winter day this course is lively.,No,No,Yes
Rosalina Park,Herriman,84096,3,Its City,"https://www.google.com/maps/dir/?api=1&destination=40.50741442800006,-112.02822062799999",No,No,No,No,Yes,No,No,No,No,Yes,No,No,No,No,No,No,No,No,No,No,No,No,No,40.50741442800006,-112.02822062799999,Love this little walking path ,No,No,Yes
Rose Creek Basketball Court,Herriman,84096,2,Its City,"https://www.google.com/maps/dir/?api=1&destination=40.50239299700007,-112.03007005299997",No,No,No,No,No,No,No,No,No,No,No,No,No,No,Yes,No,No,No,No,No,No,No,No,40.50239299700007,-112.03007005299997,Thrilled to see some new trees planted here!,No,No,No
Rose Creek Basketball Court 2,Herriman,84096,2,Its City,"https://www.google.com/maps/dir/?api=1&destination=40.50258239200008,-112.03545796299994",No,No,No,No,No,No,No,No,No,No,No,No,No,No,Yes,No,No,No,No,No,No,No,No,40.50258239200008,-112.03545796299994,,No,No,No
Rose Creek Subway Park,Herriman,84096,1,Its City,"https://www.google.com/maps/dir/?api=1&destination=40.51040035900007,-112.02650870499997",No,No,No,No,No,No,No,No,No,No,No,No,No,No,No,No,No,No,No,No,No,No,No,40.51040035900007,-112.02650870499997,,No,No,No
Rosecreek Park,Herriman,84096,2,Its City,"https://www.google.com/maps/dir/?api=1&destination=40.51552060200004,-112.03295690199997",No,No,No,No,No,No,No,No,No,No,No,No,No,No,No,No,No,No,No,No,Yes,No,No,40.51552060200004,-112.03295690199997,Busy tennis courts!,No,No,No
Rosecrest Park,Herriman,84096,4,Its City,"https://www.google.com/maps/dir/?api=1&destination=40.48393645900006,-112.06496944799994",Yes,No,No,No,Yes,No,No,No,No,Yes,No,No,No,No,No,No,No,No,Yes,Yes,No,No,No,40.48393645900006,-112.06496944799994,,No,Yes,Yes
Rosecrest Splash Park,Herriman,84096,3,Its City,"https://www.google.com/maps/dir/?api=1&destination=40.48388351300008,-112.06496909499998",Yes,No,No,No,Yes,No,No,No,No,Yes,No,No,Yes,No,No,No,No,No,No,No,No,No,No,40.48388351300008,-112.06496909499998,Cute park with a little jogging path.,No,Yes,Yes
Rosecrest Tennis Court,Herriman,84096,3,Its City,"https://www.google.com/maps/dir/?api=1&destination=40.48384019400004,-112.06496880599997",No,No,No,No,No,No,No,No,No,No,No,No,No,No,Yes,No,No,No,No,No,Yes,No,No,40.48384019400004,-112.06496880599997,,No,Yes,No
Rosewood Park,Salt Lake City,84116,4,Its City,"https://www.google.com/maps/dir/?api=1&destination=40.79899974700004,-111.92548018499997",Mysteriously locked,No,No,No,No,No,Yes,No,No,Yes,Yes,Yes,No,Yes,No,No,No,No,Yes,No,Yes,Yes,No,40.79899974700004,-111.92548018499997,"A British Cricket Pitch! 8 brand new pickleball courts and a new tennis court. EV charging stations and glass recycling, too.",No,No,Yes
Rotary Glen Park ,Salt Lake City,84108,3,Its City,"https://www.google.com/maps/dir/?api=1&destination=40.747991427000045,-111.80591524699997",Yes,No,No,Yes,Yes,No,No,No,No,No,Yes,Yes,No,No,No,No,No,No,No,Yes,No,No,No,40.747991427000045,-111.80591524699997,Glass recycling! SLC will be fencing this dog park soon. Fun little trail to romp with your pup. Cutest dog water fountain I’ve seen.,No,No,Yes
Rushton Meadows Park,South Jordan,84009,3,Its City,"https://www.google.com/maps/dir/?api=1&destination=40.55918567800006,-111.98167345099995",No,No,No,No,Yes,No,No,No,No,Yes,No,No,No,No,No,No,No,No,No,Yes,No,No,No,40.55918567800006,-111.98167345099995,Brand new playground and convenient location next to Nielson’s Frozen Custard!,No,No,Yes
Sandy Off-Leash Dog Park,Sandy,84070,3,Its City,"https://www.google.com/maps/dir/?api=1&destination=40.57065378300007,-111.88170521999996",No,No,No,No,No,No,No,No,No,No,Yes,Yes,No,No,No,No,No,No,No,No,No,No,No,40.57065378300007,-111.88170521999996,There are two sections to the dog park. A Gravel side and a Grass side. There is a calendar on the city website stating which will be open. (The closed side is locked by a padlock.) All of the foliage outside the fenced in areas is dead. But there are a h,No,No,No
Scott Avenue Park,Millcreek,84106,3,Salt Lake County,"https://www.google.com/maps/dir/?api=1&destination=40.696324023000045,-111.86593457499998",Yes,No,Yes,No,No,Yes,No,No,No,Yes,Yes,No,No,No,No,No,No,No,No,No,No,No,No,40.696324023000045,-111.86593457499998,Wasatch community garden has a plot here! Great big field for running dogs away from the road.,No,No,Yes
Scott Cowdell Park,Sandy,84070,3,Its City,"https://www.google.com/maps/dir/?api=1&destination=40.589894257000026,-111.88599808199996",Mysteriously locked,No,No,No,Yes,No,No,No,No,Yes,No,Yes,No,No,No,No,No,No,No,No,No,No,No,40.589894257000026,-111.88599808199996,Right at the historic Sandy Trax stop! ,No,No,Yes
Scottsdale Park,West Valley City,84120,4,Its City,"https://www.google.com/maps/dir/?api=1&destination=40.70384068100003,-111.98179273499994",No,No,No,No,Yes,Yes,No,No,Yes,Yes,No,No,No,No,No,No,No,No,No,No,No,No,No,40.70384068100003,-111.98179273499994,This cute park has access to the pedestrian bridge over Bangerter. ,No,No,Yes
SE Water Tank Park,Sandy,84092,3,Its City,"https://www.google.com/maps/dir/?api=1&destination=40.53713169500003,-111.81866984799996",No,No,No,No,Yes,No,No,No,No,No,No,No,No,No,No,No,No,No,No,No,No,No,No,40.53713169500003,-111.81866984799996,"It’s chained off now, but somebody installed two short basketball courts and a tennis court on the water tank. ",No,No,Yes
Secret Garden Park,South Jordan,84009,4,Daybreak HOA,"https://www.google.com/maps/dir/?api=1&destination=40.55257087100006,-111.99063606899995",No,No,No,No,No,Yes,No,No,No,No,No,No,No,No,No,No,No,No,No,No,No,No,No,40.55257087100006,-111.99063606899995,,No,No,No
Senior Housing Park,West Jordan,84088,4,Its City,"https://www.google.com/maps/dir/?api=1&destination=40.60228198400006,-111.94446994099997",No,No,No,No,No,Yes,No,No,Yes,Yes,No,No,No,No,No,No,No,No,No,Yes,No,No,No,40.60228198400006,-111.94446994099997,This park has a bridge that connects to the Jordan Canal trail.,No,No,Yes
Shadow Mountain Park,West Jordan,84081,3,Its City,"https://www.google.com/maps/dir/?api=1&destination=40.61743828400006,-112.00930724099999",No,No,No,No,Yes,No,No,No,No,Yes,No,No,No,No,Yes,No,No,No,No,No,No,No,No,40.61743828400006,-112.00930724099999,,No,Yes,Yes
Sherwood Park,Salt Lake City,84104,3,Its City,"https://www.google.com/maps/dir/?api=1&destination=40.76148214500006,-111.93190411799998",Yes,No,No,Yes,Yes,No,Yes,No,No,Yes,No,Yes,No,No,No,No,No,No,No,No,No,No,No,40.76148214500006,-111.93190411799998,Futsal Court! Three baseball diamonds.,Yes,No,Yes
Shields Lane Park & Mystic Springs Wetlands ,South Jordan,84095,5,Its City,"https://www.google.com/maps/dir/?api=1&destination=40.57167722500003,-111.91625461799998",Yes,No,No,No,No,No,No,No,No,No,No,Yes,No,No,No,No,No,No,No,Yes,No,No,No,40.57167722500003,-111.91625461799998,"This area is still under development, but once complete, it will mirror the federally protected wetlands on the east side of the Jordan River. These approximately 30 acres will provide opportunities for residents to enjoy the nature of the Jordan River an",No,No,Yes
Siena Vista Park,West Jordan,84081,3,Its City,"https://www.google.com/maps/dir/?api=1&destination=40.621561486000076,-112.02885524199996",No,No,No,Yes,Yes,No,No,No,No,Yes,No,No,No,No,Yes,No,No,No,No,No,No,No,No,40.621561486000076,-112.02885524199996,,No,No,Yes
Silent Rain Park,South Jordan,84009,3,Daybreak HOA,"https://www.google.com/maps/dir/?api=1&destination=40.54472373600004,-111.99646796899998",No,No,No,No,No,No,No,No,No,No,No,No,No,No,No,No,No,No,No,No,No,No,No,40.54472373600004,-111.99646796899998,,No,Yes,No
Silver Park,Salt Lake City,84103,4,Its City,"https://www.google.com/maps/dir/?api=1&destination=40.77988027500004,-111.88682791199994",No,No,No,No,No,No,No,No,No,Yes,No,Yes,No,No,No,No,No,No,No,No,No,No,No,40.77988027500004,-111.88682791199994,"This might be the pocketest pocket park I’ve seen yet. Basically just a see-saw, but it looks like new playground equipment is coming in (or some repairs). Named for William Silver who built the first steam engine in Utah and launched it on the Great Salt",No,Yes,No
Silver Reef Court Park,Herriman,84096,2,Its City,"https://www.google.com/maps/dir/?api=1&destination=40.53252647900007,-112.00194642199995",No,No,No,No,No,No,No,No,No,No,No,No,No,No,No,No,No,No,No,No,No,No,No,40.53252647900007,-112.00194642199995,,No,No,No
Sixth East Park,Salt Lake City,84102,3,Its City,"https://www.google.com/maps/dir/?api=1&destination=40.764529562000064,-111.87399241499998",Mysteriously locked,No,No,No,No,No,No,No,No,Yes,No,No,No,No,No,No,No,No,No,No,No,No,No,40.764529562000064,-111.87399241499998,"I’m really fond of this park, because it has great trees and I’m a sucker for pocket parks. But it could use a major facelift, specifically the playground.",No,No,Yes
Skye Park,South Jordan,84009,4,Its City,"https://www.google.com/maps/dir/?api=1&destination=40.57763521100003,-112.00523815699995",Yes,No,No,Yes,Yes,No,No,No,No,Yes,No,Yes,No,No,Yes,No,No,No,No,No,No,No,No,40.57763521100003,-112.00523815699995,Love the trees encircling this park,No,No,Yes
Skyview Basin Park,Taylorsville,84129,2,Salt Lake County,"https://www.google.com/maps/dir/?api=1&destination=40.632500408000055,-111.98541170299995",No,No,No,No,No,No,No,No,No,No,No,No,No,No,No,No,No,No,No,No,No,No,No,40.632500408000055,-111.98541170299995,Giant walking or running path. Charming with views but no amenities or shade in the summer.,No,No,No
Skyward Park,South Jordan,84009,3,Daybreak HOA,"https://www.google.com/maps/dir/?api=1&destination=40.54026142500004,-112.04356070299997",No,No,No,No,No,No,No,No,No,No,No,No,No,No,No,No,No,No,No,No,No,No,No,40.54026142500004,-112.04356070299997,Managed by Daybreak HOA. Just swings! ,No,No,Yes
SLC Model Plane Airport,Salt Lake City,84044,4,Its City,"https://www.google.com/maps/dir/?api=1&destination=40.738222937000046,-112.07183811299996",Mysteriously locked,No,No,No,No,No,No,No,No,No,No,No,No,No,No,No,No,No,No,No,No,No,No,40.738222937000046,-112.07183811299996,"A runway just for model planes! Plus, an RC crawler track. ",No,No,No
Smith Fields Park,Draper,84020,4,Its City,"https://www.google.com/maps/dir/?api=1&destination=40.50836147800004,-111.88342995699998",Yes,No,No,No,Yes,No,Yes,No,No,Yes,No,Yes,Yes,Yes,Yes,No,No,No,No,No,Yes,No,No,40.50836147800004,-111.88342995699998,Splash pad across the street! Also home to the Draper farmers market.,No,No,Yes
South Jordan City Park,South Jordan,84095,5,Its City,"https://www.google.com/maps/dir/?api=1&destination=40.55122750000004,-111.93873793299997",Yes,No,No,Yes,Yes,No,Yes,Yes,Yes,Yes,No,Yes,No,Yes,No,No,Yes,No,Yes,No,Yes,Yes,No,40.55122750000004,-111.93873793299997,"360 views! Lively pickleball and tennis courts, a good time here.",No,Yes,Yes
South Jordan Entry Park,South Jordan,84095,1,Its City,"https://www.google.com/maps/dir/?api=1&destination=40.58024388300004,-111.93915731799996",No,No,No,No,No,No,No,No,No,No,No,No,No,No,No,No,No,No,No,No,No,No,No,40.58024388300004,-111.93915731799996,,No,No,No
South Park ,Kearns,84118,3,Its City,"https://www.google.com/maps/dir/?api=1&destination=40.64177833000008,-112.01610203199999",No,No,No,No,No,No,No,No,No,Yes,No,No,No,No,No,No,No,No,No,No,No,No,No,40.64177833000008,-112.01610203199999,,No,No,No
South Ridge Park,South Jordan,84009,2,Its City,"https://www.google.com/maps/dir/?api=1&destination=40.57098497100003,-111.99631796099999",No,No,No,No,No,No,No,No,No,No,No,No,No,No,No,No,No,No,No,No,No,No,No,40.57098497100003,-111.99631796099999,"Just grass, but grass is great! ",No,No,No
South Salt Lake Dog Park,South Salt Lake,84115,1,Its City,"https://www.google.com/maps/dir/?api=1&destination=40.717025672000034,-111.88736725499996",No,No,No,No,No,No,No,No,No,No,Yes,No,No,No,No,No,No,No,No,No,No,No,No,40.717025672000034,-111.88736725499996,Drop your glass recycling here!,No,No,No
Southridge Park,Draper,84020,3,Its City,"https://www.google.com/maps/dir/?api=1&destination=40.497419000000036,-111.87309299999998",No,No,No,No,Yes,No,No,No,Yes,Yes,No,No,No,No,No,No,No,No,No,No,No,No,No,40.497419000000036,-111.87309299999998,Getting a star bump for a beautiful willow tree. ,No,No,Yes
Southridge Park,Taylorsville,84129,4,Salt Lake County,"https://www.google.com/maps/dir/?api=1&destination=40.659209686000054,-111.98683622999994",Yes,No,No,No,Yes,No,Yes,No,No,Yes,No,Yes,No,No,Yes,No,Yes,No,No,No,No,No,No,40.659209686000054,-111.98683622999994,A Samoan and British cricket pitch!,No,No,Yes
Southwood Park,Murray,84107,4,Its City,"https://www.google.com/maps/dir/?api=1&destination=40.639310315000046,-111.87229129099995",Yes,No,No,Yes,Yes,No,No,No,No,Yes,No,Yes,No,No,No,No,Yes,No,Yes,No,Yes,No,No,40.639310315000046,-111.87229129099995,Gorgeous tennis courts! BYO volleyball net. A fireplace!,No,Yes,Yes
Steenblik Park,Salt Lake City,84116,3,Its City,"https://www.google.com/maps/dir/?api=1&destination=40.78667425800006,-111.92128138399994",No,No,No,No,No,No,No,No,Yes,Yes,No,Yes,No,No,No,No,No,No,No,No,No,No,No,40.78667425800006,-111.92128138399994,"Come for the dairy cats, stay to picnic.",No,Yes,Yes
Steep Mountain Park,Draper,84020,4,Its City,"https://www.google.com/maps/dir/?api=1&destination=40.47888663100008,-111.88017180999998",Yes,No,No,No,Yes,No,Yes,No,Yes,Yes,No,Yes,No,No,Yes,No,No,No,No,No,Yes,No,No,40.47888663100008,-111.88017180999998,Epic tennis court views! ,No,No,Yes
Stone Creek Park ,West Jordan,84088,3,Its City,"https://www.google.com/maps/dir/?api=1&destination=40.60356676500004,-112.01470663199996",No,No,No,Yes,Yes,No,No,No,No,Yes,No,No,No,No,Yes,No,Yes,No,No,No,No,No,No,40.60356676500004,-112.01470663199996,,No,Yes,Yes
Stonebridge Park,Draper,84020,3,Its City,"https://www.google.com/maps/dir/?api=1&destination=40.52249188800005,-111.88571517899999",No,No,No,No,Yes,No,No,No,Yes,Yes,No,No,No,No,No,No,No,No,No,No,No,No,No,40.52249188800005,-111.88571517899999,Little zip line and field for play! Solid playground.,No,No,Yes
Stonehaven Park ,South Jordan,84009,4,Its City,"https://www.google.com/maps/dir/?api=1&destination=40.57111929700005,-111.98840923799997",No,No,No,No,Yes,No,No,No,Yes,Yes,No,No,No,No,No,No,No,No,No,No,Yes,No,No,40.57111929700005,-111.98840923799997,Loving this peaceful park ,No,No,Yes
Storm Mountain Park,Sandy,84094,4,Its City,"https://www.google.com/maps/dir/?api=1&destination=40.544207689000075,-111.86339136799995",Yes,No,No,No,Yes,No,Yes,No,Yes,Yes,No,Yes,No,No,No,No,No,No,Yes,No,Yes,No,No,40.544207689000075,-111.86339136799995,Love this giant field that dips down so you don’t feel “on the side of the road.”,No,Yes,Yes
Stratford Park,Salt Lake City,84106,3,Its City,"https://www.google.com/maps/dir/?api=1&destination=40.71410370800004,-111.83567037299997",No,No,No,No,No,No,No,No,No,Yes,No,No,No,No,No,No,No,No,Yes,No,No,No,No,40.71410370800004,-111.83567037299997,,No,Yes,Yes
Sugar House Park,Salt Lake City,84106,5,Its City,"https://www.google.com/maps/dir/?api=1&destination=40.72547161600005,-111.84386976299999",Yes,No,Yes,Yes,Yes,Yes,Yes,No,Yes,Yes,No,Yes,No,No,Yes,No,Yes,No,Yes,Yes,No,No,No,40.72547161600005,-111.84386976299999,"Home to the Joe Hill memorial and the city's best jogging path (if you seek a lil hill climb). Also, a great sledding hill. This park is the former site of the Utah State Prison, now it's a crown jewel of the city.",Yes,Yes,Yes
Sugarplum Park,West Valley City,84128,2,Its City,"https://www.google.com/maps/dir/?api=1&destination=40.705118105000054,-112.06059114899995",No,No,No,No,No,No,No,No,No,Yes,No,No,No,No,No,No,No,No,No,No,No,No,No,40.705118105000054,-112.06059114899995,,No,Yes,No
Summerhill Park,Riverton,84065,2,Its City,"https://www.google.com/maps/dir/?api=1&destination=40.536377695000056,-111.92783147899996",No,No,No,No,No,No,No,No,No,Yes,No,No,No,No,No,No,No,No,No,No,No,No,No,40.536377695000056,-111.92783147899996,"I would love to see a shady pavilion here, but this is a sweet pocket park.",No,No,Yes
Suncrest Park,Draper,84020,4,Its City,"https://www.google.com/maps/dir/?api=1&destination=40.47405083000007,-111.83651725499999",Yes,No,No,No,Yes,No,No,No,Yes,Yes,No,Yes,No,No,No,No,No,No,No,No,No,Yes,No,40.47405083000007,-111.83651725499999,Great field with beautiful views of Utah Lake ,No,No,Yes
Suncrest Ridge Park,Draper,84020,4,Its City,"https://www.google.com/maps/dir/?api=1&destination=40.481193774000076,-111.83571021599994",Yes,No,No,No,No,Yes,No,No,No,No,No,Yes,No,No,No,No,No,No,No,Yes,No,No,No,40.481193774000076,-111.83571021599994,"I think this is a privately-owned, though accessible to the public. Keeping it in because wow it’s charming! ",No,No,Yes
Sunflower Park,South Jordan,84095,3,Daybreak HOA,"https://www.google.com/maps/dir/?api=1&destination=40.54247005900004,-112.00389723399996",No,No,No,No,No,No,No,No,No,Yes,No,Yes,No,No,No,No,No,No,No,No,No,No,No,40.54247005900004,-112.00389723399996,Along a great jogging path ,No,Yes,Yes
Sunnyside Park,Salt Lake City,84108,3,Its City,"https://www.google.com/maps/dir/?api=1&destination=40.75161445700007,-111.84220415899995",Mysteriously locked,No,No,Yes,Yes,No,Yes,Yes,Yes,Yes,No,Yes,No,No,No,No,No,No,No,No,Yes,No,No,40.75161445700007,-111.84220415899995,"This park is about to shrink after the city sold part of it to the U for a new baseball stadium. That said, it’s also gonna get some improvements as part of the deal.",No,No,Yes
Sunnyvale Park,Millcreek,84123,4,Its City,"https://www.google.com/maps/dir/?api=1&destination=40.68288328600005,-111.91134200799996",Mysteriously locked,No,No,No,Yes,Yes,No,No,Yes,Yes,No,No,No,No,Yes,No,No,No,No,No,No,No,No,40.68288328600005,-111.91134200799996,"While drinking fountain exists, it did not work. Beautiful mural and paved walking trail around the whole park. ",Yes,No,Yes
Sunrise Mountain Park,South Jordan,84009,3,Its City,"https://www.google.com/maps/dir/?api=1&destination=40.54705401000007,-111.99474415899999",No,No,No,No,No,No,No,No,No,Yes,No,No,No,No,No,No,No,No,No,No,No,No,No,40.54705401000007,-111.99474415899999,Great sunset jog trails. Small kids play area across Topview Rd. ,No,Yes,No
Sunrise Station Park,Draper,84020,2,Its City,"https://www.google.com/maps/dir/?api=1&destination=40.53736987100007,-111.90196338099997",No,No,No,No,No,No,No,No,No,Yes,No,No,No,No,No,No,No,No,No,No,No,No,No,40.53736987100007,-111.90196338099997,There is a a grassy area where you could play yard games. No shade. ,No,No,Yes
Sunset Cove,West Jordan,84088,3,Its City,"https://www.google.com/maps/dir/?api=1&destination=40.60245979300004,-112.00557900499996",No,No,No,No,Yes,No,No,No,Yes,No,No,No,No,No,No,No,No,No,No,No,No,No,No,40.60245979300004,-112.00557900499996,Surrounded by very busy roads.,No,No,Yes
Sunstone Park ,South Jordan,84095,2,Its City,"https://www.google.com/maps/dir/?api=1&destination=40.53741349500007,-112.02509654499994",No,No,No,Yes,Yes,No,No,No,Yes,Yes,No,Yes,No,No,No,No,No,No,No,No,No,No,No,40.53741349500007,-112.02509654499994,,No,No,Yes
Swede Town Park,Salt Lake City,84116,2,Its City,"https://www.google.com/maps/dir/?api=1&destination=40.80037225600006,-111.91494267999997",No,No,No,No,No,No,No,No,No,Yes,No,No,No,No,Yes,No,No,No,No,No,No,No,No,40.80037225600006,-111.91494267999997,,No,Yes,Yes
Swensen Farms Park,Riverton,84096,3,Its City,"https://www.google.com/maps/dir/?api=1&destination=40.532076430000075,-111.99496119699995",Yes,No,No,No,Yes,No,No,No,No,Yes,No,Yes,No,No,No,No,No,No,No,No,No,No,No,40.532076430000075,-111.99496119699995,"Big field for football, soccer, etc but no goals or markings.",No,No,Yes
Sycamore Open Space,West Jordan,84081,4,Its City,"https://www.google.com/maps/dir/?api=1&destination=40.607418961000064,-112.06237589099999",No,No,No,No,Yes,No,No,No,Yes,Yes,No,No,No,No,No,Yes,No,No,No,No,No,No,No,40.607418961000064,-112.06237589099999,One of the most spectacular disc golf holes I’ve ever seen! ,No,No,Yes
Sycamore Ridge Park,West Jordan,84081,4,Its City,"https://www.google.com/maps/dir/?api=1&destination=40.60736863300008,-112.06771844299999",No,No,No,No,Yes,No,No,No,Yes,Yes,No,No,No,No,No,No,No,No,No,No,No,No,No,40.60736863300008,-112.06771844299999,Sunset spot!,No,No,Yes
Tank Park,Taylorsville,84129,3,Its City,"https://www.google.com/maps/dir/?api=1&destination=40.64038207500005,-111.96740743499998",No,No,No,No,No,No,No,No,No,No,No,No,No,No,No,No,No,No,No,No,No,Yes,No,40.64038207500005,-111.96740743499998,Pretty inspired to turn the water tank field into pickleball courts with sunset views and a big field to run dogs.,No,No,No
Tanner Park,Salt Lake City,84109,4,Salt Lake County,"https://www.google.com/maps/dir/?api=1&destination=40.71125666700004,-111.81582345099997",Yes,No,No,No,Yes,No,Yes,No,Yes,Yes,No,Yes,No,No,No,No,No,No,No,No,Yes,No,No,40.71125666700004,-111.81582345099997,Perfect sunset picnic spot with lots of grass and beautiful views. Right off Parley's Trail.,No,Yes,Yes
Tapestry Park,Herriman,84096,3,Its City,"https://www.google.com/maps/dir/?api=1&destination=40.50556447400004,-112.03641074399997",No,No,No,No,No,No,No,No,No,Yes,No,No,No,No,No,No,No,No,No,No,No,No,No,40.50556447400004,-112.03641074399997,Cute inlet park,No,No,No
Taufer Park,Salt Lake City,84111,4,Its City,"https://www.google.com/maps/dir/?api=1&destination=40.754487581000035,-111.88305658899998",No,No,No,No,No,No,No,No,Yes,Yes,No,Yes,No,No,No,No,No,No,No,No,No,No,No,40.754487581000035,-111.88305658899998,"What an eccentric park. See: the Virgin Mary tree, the Justin Taufer origin story. I love this new playground with colorful chessboard picnic tables, and can't wait to see what else the Parks Bond will offer it.",No,Yes,Yes
Taylorsville Park,Taylorsville,84123,2,Salt Lake County,"https://www.google.com/maps/dir/?api=1&destination=40.667494729000055,-111.93876136999995",No,No,No,No,Yes,No,No,No,No,Yes,No,No,No,No,Yes,No,No,No,No,No,No,Yes,No,40.667494729000055,-111.93876136999995,"This park could use some love (and cleaning). But it might be getting that! Seems like there used to be volleyball, a skate park, beach volleyball, and bathrooms that are all torn up and being (hopefully) replaced. ",No,No,Yes
Ten Sleep Park,Bluffdale,84065,1,Its City,"https://www.google.com/maps/dir/?api=1&destination=40.48376316900004,-111.95848681599995",No,No,No,No,No,No,No,No,No,Yes,No,No,No,No,No,No,No,No,No,No,No,No,No,40.48376316900004,-111.95848681599995,,No,No,No
Terrace Park,South Jordan,84009,3,Its City,"https://www.google.com/maps/dir/?api=1&destination=40.54862201900005,-111.98773313399994",No,No,No,No,No,No,No,No,No,No,No,No,No,No,No,No,No,No,No,No,No,No,No,40.54862201900005,-111.98773313399994,Jogging path,No,Yes,No
Terrace Ridge Park,West Valley City,84128,3,Its City,"https://www.google.com/maps/dir/?api=1&destination=40.67626130200006,-112.04052858899996",No,No,No,Yes,Yes,No,No,No,Yes,Yes,No,No,No,No,No,No,No,No,No,No,No,No,No,40.67626130200006,-112.04052858899996,,No,Yes,Yes
Teton Estates Park,West Jordan,84088,3,Its City,"https://www.google.com/maps/dir/?api=1&destination=40.58127158100007,-111.99041428999999",No,No,No,Yes,Yes,No,No,No,No,Yes,No,Yes,No,No,No,Yes,No,No,No,No,Yes,No,No,40.58127158100007,-111.99041428999999,Fenced field for kickball or baseball but no bases ,No,Yes,Yes
The Cove at Herriman Springs,Herriman,84096,5,Its City,"https://www.google.com/maps/dir/?api=1&destination=40.496209183000076,-112.05341154799999",Yes,No,Yes,Yes,Yes,No,No,No,No,Yes,No,Yes,No,No,No,No,Yes,No,No,Yes,No,No,No,40.496209183000076,-112.05341154799999,"Canadian geese, deer, little trails, and lots of kids learning to fish on this beautiful pond",No,Yes,Yes
The Flight Park,Draper,84020,5,Salt Lake County,"https://www.google.com/maps/dir/?api=1&destination=40.472862202000044,-111.89291954499998",Yes,No,No,No,No,No,No,No,No,No,No,Yes,No,No,No,No,No,No,No,No,No,No,No,40.472862202000044,-111.89291954499998,"Pretty cool to have a world class flight park in our backyard. Once the shore of Lake Bonneville, now you can hang glide (etc) here!",No,No,No
The Ranches Park,Herriman,84096,4,Its City,"https://www.google.com/maps/dir/?api=1&destination=40.50750224500007,-112.03233884499997",Yes,No,No,No,Yes,No,No,No,Yes,Yes,No,No,No,Yes,No,No,Yes,No,No,No,No,No,No,40.50750224500007,-112.03233884499997,Second playground coming soon!,No,No,Yes
Three Creeks Confluence,Salt Lake City,84104,5,Its City,"https://www.google.com/maps/dir/?api=1&destination=40.74164726300006,-111.91729365699996",No,No,No,No,No,No,No,No,Yes,Yes,No,No,No,No,No,No,No,No,No,Yes,No,No,No,40.74164726300006,-111.91729365699996,"The addition of bistro tables makes anything more charming! Bravo to Seven Canyons Trust for getting this done. Kayak Court is also held here, a very smart and cool program you should google!",No,No,Yes
Timber Ridge Park,Draper,84020,3,Its City,"https://www.google.com/maps/dir/?api=1&destination=40.495427101000075,-111.85586440399999",No,No,No,No,No,No,No,No,No,Yes,No,No,No,No,No,No,No,No,No,No,No,No,No,40.495427101000075,-111.85586440399999,There’s a secret trail that leaves from this park!,No,No,No
Tithing Hill Park,Riverton,84065,2,Its City,"https://www.google.com/maps/dir/?api=1&destination=40.52587469600007,-111.92494072099998",No,No,No,No,No,No,No,No,No,No,No,No,No,No,No,No,No,No,No,No,No,No,No,40.52587469600007,-111.92494072099998,Trying to figure out if the Tithing Yard shed is a recreation or an original.,No,Yes,Yes
Touchstone Park,Magna,84044,2,Its City,"https://www.google.com/maps/dir/?api=1&destination=40.68414959800003,-112.09588709099995",No,No,No,No,No,No,No,No,No,Yes,No,No,No,No,No,No,No,No,No,No,No,No,No,40.68414959800003,-112.09588709099995,Just a sweet little playground.,No,No,No
Trailblazer Park ,West Valley City,84128,2,Its City,"https://www.google.com/maps/dir/?api=1&destination=40.70298680700006,-112.05058340199997",No,No,No,No,No,No,No,No,No,Yes,No,Yes,No,No,No,No,No,No,No,No,No,No,No,40.70298680700006,-112.05058340199997,Neighborhood playground,No,No,No
Trellis Park,South Jordan,84009,4,Daybreak HOA,"https://www.google.com/maps/dir/?api=1&destination=40.55545452000007,-111.99058080599997",No,No,No,No,No,Yes,No,No,No,Yes,No,Yes,No,No,No,No,No,No,No,No,No,No,No,40.55545452000007,-111.99058080599997,,No,No,No
Triangle Park,South Jordan,84009,4,Its City,"https://www.google.com/maps/dir/?api=1&destination=40.57360057200003,-111.99333464999995",No,No,No,No,No,No,No,No,No,Yes,No,No,No,No,Yes,No,No,No,No,No,No,No,No,40.57360057200003,-111.99333464999995,The rare shady basketball court! ,No,No,No
Tulip Park,South Jordan,84095,2,Daybreak HOA,"https://www.google.com/maps/dir/?api=1&destination=40.56379352500005,-112.00635608899995",No,No,No,No,No,No,No,No,No,No,No,No,No,No,No,No,No,No,No,No,No,No,No,40.56379352500005,-112.00635608899995,Just open green space surrounded by trees. ,No,No,No
Tuscany Park,Herriman,84096,4,Its City,"https://www.google.com/maps/dir/?api=1&destination=40.520109845000036,-112.02055824099995",Yes,No,No,No,Yes,No,Yes,No,No,Yes,No,Yes,No,No,Yes,No,Yes,No,No,No,No,No,No,40.520109845000036,-112.02055824099995,World’s cutest neighborhood baseball fields! ,No,No,Yes
Umbria Estates Park,Herriman,84096,4,Its City,"https://www.google.com/maps/dir/?api=1&destination=40.52072631600004,-112.01654596099996",Yes,No,No,No,Yes,No,No,No,No,Yes,No,No,Yes,No,No,No,No,No,Yes,No,No,No,No,40.52072631600004,-112.01654596099996,,No,Yes,Yes
Union Park,Midvale,84047,3,Salt Lake County,"https://www.google.com/maps/dir/?api=1&destination=40.61670951000008,-111.87224989199996",Yes,No,No,No,Yes,No,Yes,No,Yes,Yes,No,Yes,No,No,No,No,Yes,No,No,No,No,No,No,40.61670951000008,-111.87224989199996,4 baseball diamonds and a nice path around the perimeter. ,No,No,Yes
Union Park,Sandy,84070,3,Its City,"https://www.google.com/maps/dir/?api=1&destination=40.61670951000008,-111.87224989199996",Yes,No,No,No,Yes,No,No,No,No,Yes,No,Yes,No,No,No,No,No,No,No,No,No,No,No,40.61670951000008,-111.87224989199996,Bigggg fields for soccer or football! But no nets or lines.,No,No,Yes
Upper District Millcreek Park,Millcreek,84109,1,Salt Lake County,"https://www.google.com/maps/dir/?api=1&destination=40.69112878100003,-111.79626918899999",No,No,No,No,No,Yes,No,No,No,No,No,Yes,No,No,No,No,No,No,No,No,No,No,No,40.69112878100003,-111.79626918899999,"Cute historical placard, very unusual park locale. Glass recycling.",No,No,No
Valle Vista Park,Herriman,84096,2,Its City,"https://www.google.com/maps/dir/?api=1&destination=40.48832257300006,-112.05237545199998",No,No,No,No,Yes,No,No,No,No,Yes,No,No,No,No,No,No,No,No,No,No,No,No,No,40.48832257300006,-112.05237545199998,Big grassy basin for play.,No,No,Yes
Valley Park,Murray,84107,4,Its City,"https://www.google.com/maps/dir/?api=1&destination=40.65191334900004,-111.89344917199998",No,No,No,Yes,No,No,No,No,Yes,Yes,No,No,No,No,Yes,No,No,No,No,No,No,No,No,40.65191334900004,-111.89344917199998,"4 starts just for being completely hidden, and getting there is half the fun!",No,No,Yes
Veterans Memorial,West Jordan,84088,5,Its City,"https://www.google.com/maps/dir/?api=1&destination=40.609466688000055,-111.94412365599999",Yes,Yes,No,No,Yes,No,Yes,Yes,Yes,Yes,No,Yes,No,No,Yes,No,No,Yes,No,No,Yes,No,No,40.609466688000055,-111.94412365599999,"The city pool, recreation center, and senior center are all located in this complex along with the County's Viridian Library and community space.",No,Yes,Yes
Victory Park ,Salt Lake City,84102,3,Its City,"https://www.google.com/maps/dir/?api=1&destination=40.76362766400007,-111.86029350799998",No,No,No,No,No,No,No,No,No,Yes,No,Yes,No,No,No,No,No,No,No,No,Yes,No,No,40.76362766400007,-111.86029350799998,Really charming tennis courts tucked away behind the Senior Center. ,No,No,No
Vinecrest Park,Murray,84121,1,Its City,"https://www.google.com/maps/dir/?api=1&destination=40.63832159200007,-111.85889735599994",No,No,No,No,No,No,No,No,No,No,No,No,No,No,No,No,No,No,No,No,No,No,No,40.63832159200007,-111.85889735599994,"Just a field, but what’s wrong with that?!",No,No,No
Vintage Park,Bluffdale,84065,4,Its City,"https://www.google.com/maps/dir/?api=1&destination=40.49396384800008,-111.93369238499997",Yes,No,No,No,Yes,No,No,No,Yes,Yes,No,Yes,Yes,No,No,No,Yes,No,No,No,Yes,Yes,No,40.49396384800008,-111.93369238499997,"2 pickleball courts, 2 tennis courts. Big field for play. This park is on the end of the 2.9 mile South Jordan and SLC Canal Trail. So you could park here and get in a quick 5k!",No,Yes,Yes
Vista Park,Taylorsville,8429,3,Salt Lake County,"https://www.google.com/maps/dir/?api=1&destination=40.66266690600003,-111.94518117699994",Yes,No,No,Yes,Yes,No,Yes,No,Yes,Yes,No,No,No,Yes,No,No,No,No,No,No,No,Yes,No,40.66266690600003,-111.94518117699994,Baseball fields are for leagues only. Lovely path and brand new pickleball courts. Big field for play! Great views too. ,No,Yes,Yes
Vista West Park,West Jordan,84088,3,Its City,"https://www.google.com/maps/dir/?api=1&destination=40.585888941000064,-111.97996117899999",No,No,No,No,Yes,No,No,No,No,Yes,No,No,No,No,No,No,No,No,No,No,No,No,No,40.585888941000064,-111.97996117899999,,No,No,Yes
W&M Butterfield Park,Herriman,84096,4,Its City,"https://www.google.com/maps/dir/?api=1&destination=40.493261913000026,-112.03939512499994",Yes,No,No,No,Yes,No,Yes,No,Yes,Yes,No,Yes,No,No,No,No,Yes,No,Yes,No,No,No,No,40.493261913000026,-112.03939512499994,Giant pavilion with a stage and a rodeo arena. The multi purpose fields are beautifully maintained.,No,Yes,Yes
Waddle Fields Regional Park,Bluffdale,84065,5,Salt Lake County,"https://www.google.com/maps/dir/?api=1&destination=40.49506670900007,-111.95777762899996",Yes,No,No,No,Yes,No,No,No,Yes,Yes,No,Yes,Yes,Yes,Yes,No,No,No,Yes,No,No,Yes,No,40.49506670900007,-111.95777762899996,16 pickleball courts! A very thoughtfully designed splash pad and play areas for 5+ and under 5. Almost hard to believe all this park offers is free. ,No,Yes,Yes
Walden Park,Murray,84123,5,Its City,"https://www.google.com/maps/dir/?api=1&destination=40.65286938100007,-111.92222636799994",Yes,No,No,Yes,Yes,No,No,No,Yes,Yes,No,Yes,No,No,No,No,Yes,No,No,Yes,No,No,No,40.65286938100007,-111.92222636799994,This is a really charming Jordan River park. And gorgeous beach volleyball court! ,No,Yes,Yes
Warm Springs Park,Salt Lake City,84103,4,Its City,"https://www.google.com/maps/dir/?api=1&destination=40.78767673700003,-111.89960808499995",Mysteriously locked,No,No,No,No,No,No,No,No,Yes,Yes,Yes,No,No,No,No,No,No,No,No,No,No,No,40.78767673700003,-111.89960808499995,"The former site of a community hot spring, “The Wasatch Plunge.” There is a grassroots effort to get it up and running again. You can find out more here: https://www.warmspringsalliance.org/

Big flat area for a pick up game. Also, the lying down dog stat",No,Yes,Yes
Wasatch Hollow Preserve,Salt Lake City,84105,4,Its City,"https://www.google.com/maps/dir/?api=1&destination=40.73344617200007,-111.84347159199996",Mysteriously locked,No,No,No,Yes,No,No,No,Yes,Yes,Yes,Yes,No,No,No,No,No,No,No,Yes,No,No,No,40.73344617200007,-111.84347159199996,"No dogs allowed on the nature trail, but at the top of the preserve is an off leash area. More great birdwatching and river rushing.",No,Yes,Yes
Washington Park,Salt Lake City,84109,4,Its City,"https://www.google.com/maps/dir/?api=1&destination=40.71522949700005,-111.80969048099996",Yes,No,No,No,Yes,No,No,No,No,Yes,No,Yes,No,No,No,No,No,No,No,Yes,No,No,No,40.71522949700005,-111.80969048099996,"Nestled in the Mountain Dell Golf Course, this park has two pavilion areas, tons of mature trees, and fireplace. No dogs though, it’s in the watershed. ",No,No,Yes
Washington Square Park,Salt Lake City,84111,4,Its City,"https://www.google.com/maps/dir/?api=1&destination=40.75954650600005,-111.88814662199997",No,No,No,No,No,Yes,No,No,No,No,No,No,No,No,No,No,No,No,No,No,No,No,No,40.75954650600005,-111.88814662199997,"Gotta love the shade at this park, and its role as a beacon of celebration and protest in SLC",No,Yes,Yes
Washington Square Park,Salt Lake City,84111,3,Its City,"https://www.google.com/maps/dir/?api=1&destination=40.75954650600005,-111.88814662199997",No,No,No,No,No,Yes,No,No,No,No,No,No,No,No,No,No,No,No,No,No,No,No,No,40.75954650600005,-111.88814662199997,"Petition to rename it Protest Park! The surrounds of our City Hall don't have much in the way of amenities, but you've probably been there for Pride, Living Traditions, or another city-backed festival. (Or, a protest.)",No,Yes,Yes
Welker Memorial Parkway,Kearns,84120,3,Its City,"https://www.google.com/maps/dir/?api=1&destination=40.667622074000064,-111.99942443199996",No,No,No,No,No,No,No,No,No,No,No,No,No,No,Yes,No,No,No,No,No,No,No,No,40.667622074000064,-111.99942443199996,Great use of space to make this little path,No,Yes,No
West Beach Park,South Jordan,84009,5,Daybreak HOA,"https://www.google.com/maps/dir/?api=1&destination=40.553176482000026,-112.00763860299998",No,No,Yes,No,No,No,No,No,No,No,No,No,No,No,No,No,No,No,No,No,No,No,No,40.553176482000026,-112.00763860299998,"A large beach, dock for launching boats, and great jogging or rollerblading path.",No,Yes,No
West Field Downs Park,Riverton,84065,3,Its City,"https://www.google.com/maps/dir/?api=1&destination=40.53283946500005,-111.95766289599999",Yes,No,No,No,Yes,No,No,No,Yes,Yes,No,Yes,No,No,No,No,No,No,Yes,No,No,No,No,40.53283946500005,-111.95766289599999,,No,No,Yes
West Riverfront Park,South Jordan,84095,5,Its City,"https://www.google.com/maps/dir/?api=1&destination=40.54952411200003,-111.91818728899995",Yes,No,Yes,Yes,Yes,No,No,No,No,Yes,No,Yes,No,No,Yes,No,Yes,No,Yes,Yes,No,No,No,40.54952411200003,-111.91818728899995,"This park is across the street from the Jordan River Parkway trail. There is a large grass field where soccer games/practices go on - although permanent soccer goals are not there currently. It is not a designated off-leash dog area, but people often play",No,Yes,Yes
West Valley City Park,West Valley City,84120,2,Its City,"https://www.google.com/maps/dir/?api=1&destination=40.696638274000065,-112.00087880499996",Yes,No,No,Yes,Yes,No,Yes,No,No,Yes,No,No,No,No,Yes,No,No,No,No,No,No,No,No,40.696638274000065,-112.00087880499996,,No,No,Yes
West View Park,West Valley City,84128,2,Its City,"https://www.google.com/maps/dir/?api=1&destination=40.68211227900008,-112.03477314399998",Yes,No,No,Yes,Yes,No,No,No,Yes,Yes,No,Yes,No,No,No,No,No,No,No,No,Yes,No,No,40.68211227900008,-112.03477314399998,Fun stadium grass for watching a tennis match. Newer playground across the street!,No,Yes,Yes
Western Creek Park,Herriman,84096,3,Its City,"https://www.google.com/maps/dir/?api=1&destination=40.51414432000007,-112.047067374",No,No,No,No,Yes,No,No,No,No,Yes,No,No,No,No,No,No,No,No,No,No,No,No,No,40.51414432000007,-112.047067374,,No,No,Yes
Western Springs Central Park,Riverton,84096,3,Its City,"https://www.google.com/maps/dir/?api=1&destination=40.51794901300008,-112.00820908599997",No,No,No,No,Yes,No,No,No,No,Yes,No,No,No,No,No,No,No,No,No,No,No,No,No,40.51794901300008,-112.00820908599997,,No,No,Yes
Western Springs Mini Park,Riverton,84096,2,Its City,"https://www.google.com/maps/dir/?api=1&destination=40.51566643000007,-112.00047944299996",No,No,No,No,No,No,No,No,No,Yes,No,No,No,No,Yes,No,No,No,No,No,No,No,No,40.51566643000007,-112.00047944299996,Cute kinda secret basketball court across the street and down the path!,No,No,No
Western Springs Park ,Riverton,84096,4,Its City,"https://www.google.com/maps/dir/?api=1&destination=40.519917253000074,-112.00215914299997",Yes,No,No,No,Yes,No,No,No,Yes,Yes,No,Yes,Yes,No,No,No,Yes,No,No,No,No,No,No,40.519917253000074,-112.00215914299997,Horseshoes! A really charming hilltop for picnic blankets that doubles as a great sledding hill in the winter.,No,No,Yes
Western Springs Tot Lot Park,Riverton,84096,3,Its City,"https://www.google.com/maps/dir/?api=1&destination=40.52028076800008,-112.01018265999994",No,No,No,No,No,No,No,No,No,Yes,No,No,No,No,No,No,No,No,No,No,No,No,No,40.52028076800008,-112.01018265999994,,No,No,Yes
Westgate Park,Bluffdale,84065,3,Its City,"https://www.google.com/maps/dir/?api=1&destination=40.48150600300005,-111.92252471599994",Yes,No,No,No,Yes,No,No,No,Yes,Yes,No,No,No,No,Yes,No,No,No,No,No,No,No,No,40.48150600300005,-111.92252471599994,"Bike racks, which is weirdly unusual at some of these parks!",No,No,Yes
Westminster Park,Salt Lake City,84105,5,Its City,"https://www.google.com/maps/dir/?api=1&destination=40.733450668000046,-111.86286841999998",No,No,No,No,No,No,No,No,No,Yes,No,Yes,No,No,No,No,No,No,No,No,No,No,No,40.733450668000046,-111.86286841999998,Chess tables!,No,Yes,Yes
Westpointe Park,Salt Lake City,84116,4,Its City,"https://www.google.com/maps/dir/?api=1&destination=40.79403780700005,-111.94662960299996",Mysteriously locked,No,No,No,Yes,No,Yes,No,No,Yes,No,No,No,No,Yes,No,Yes,No,Yes,No,Yes,No,No,40.79403780700005,-111.94662960299996,"This is a really fun park! Good vibes, lots of amenities, and one of the nicest beach volleyball courts I’ve seen. Wish the bathrooms were open! ",No,Yes,Yes
Wheadon Park ,Draper,84020,5,Salt Lake County,"https://www.google.com/maps/dir/?api=1&destination=40.497646805000045,-111.88489915699995",Yes,No,No,No,Yes,Yes,Yes,No,Yes,Yes,No,Yes,No,No,No,No,No,No,No,Yes,No,Yes,No,40.497646805000045,-111.88489915699995,"Great jogging path and a punny garden, plus a farm themed playground and twelve pickleball courts. Lots of native plants, insane views.",No,No,Yes
Wheatland Park,West Valley City,84120,3,Its City,"https://www.google.com/maps/dir/?api=1&destination=40.67843496000006,-111.97885952499996",No,No,No,Yes,Yes,No,No,No,No,Yes,No,Yes,No,No,No,No,No,No,No,No,No,No,No,40.67843496000006,-111.97885952499996,This is a very charming little picnic area and playground. ,No,Yes,Yes
Wheeler Farm (South Cottonwood Regional Park),Murray,84121,5,Salt Lake County,"https://www.google.com/maps/dir/?api=1&destination=40.635358705000044,-111.86586207099998",Yes,No,Yes,No,Yes,Yes,No,No,Yes,Yes,No,Yes,No,No,No,No,No,No,No,Yes,No,No,No,40.635358705000044,-111.86586207099998,"Wheeler Historic Farm is a 75-acre working farm (including animals!) and public park with wagon rides, seasonal events, farmers markets, trails, a playground, 5K course for up to 250 participants, an education center, and an activity barn. Party reservati",No,No,Yes
Whisperwood Park ,Draper,84020,2,Its City,"https://www.google.com/maps/dir/?api=1&destination=40.51885095500006,-111.87056668399998",No,No,No,No,Yes,No,No,No,No,Yes,No,Yes,No,No,No,No,No,No,No,No,No,No,No,40.51885095500006,-111.87056668399998,"Huge field for play, but not much shade! ",No,No,Yes
Whitlock Park,South Salt Lake,84115,2,Its City,"https://www.google.com/maps/dir/?api=1&destination=40.716339263000066,-111.885334178",No,No,No,No,No,No,No,No,No,No,No,No,No,No,No,No,No,No,No,No,No,No,No,40.716339263000066,-111.885334178,"Cute mural, tiny little pass-through pocket park.",No,Yes,No
Wildflower Park,Sandy,84092,4,Its City,"https://www.google.com/maps/dir/?api=1&destination=40.570521917000065,-111.83979218899998",Yes,No,No,Yes,Yes,No,No,Yes,No,Yes,No,Yes,No,No,Yes,No,Yes,No,Yes,No,No,No,No,40.570521917000065,-111.83979218899998,"Tucked deep in the neighborhood, it was very quiet. 
The beach volleyball court did not have a net. 

There is a mysterious rectangular brick building in the North side of the park. It had doors with the following signs: Acid w/ the chemical hazard symbol",No,No,Yes
Wildflower Park ,West Jordan,84081,3,Its City,"https://www.google.com/maps/dir/?api=1&destination=40.58123383900005,-112.01315397599996",No,No,No,No,Yes,No,No,No,Yes,Yes,No,Yes,No,No,No,No,No,No,No,No,No,No,No,40.58123383900005,-112.01315397599996,,No,No,Yes
Willoughby Park,South Jordan,84009,3,Daybreak HOA,"https://www.google.com/maps/dir/?api=1&destination=40.56308108300004,-111.99778681499998",No,No,No,Yes,No,No,No,No,Yes,Yes,No,No,No,No,No,No,No,No,No,No,No,No,No,40.56308108300004,-111.99778681499998,"Limited shade, lots of open grass space. ",No,No,Yes
Willow Creek Park,Sandy,84092,5,Its City,"https://www.google.com/maps/dir/?api=1&destination=40.60049828700005,-111.83211814999999",Yes,No,No,Yes,Yes,No,No,No,Yes,Yes,No,Yes,No,No,No,No,No,No,No,No,Yes,No,No,40.60049828700005,-111.83211814999999,Big field for play! Lovely tree canopies. Great walking path and new playground.,No,Yes,Yes
Willow Pond Park,Murray,84123,5,Its City,"https://www.google.com/maps/dir/?api=1&destination=40.640902091000044,-111.91991200999996",Yes,No,Yes,Yes,Yes,No,No,No,Yes,Yes,No,Yes,Yes,No,Yes,No,No,Yes,Yes,Yes,No,No,No,40.640902091000044,-111.91991200999996,"This park is conveniently located just off the Jordan River Parkway. It's huge and has something for everyone: basketball courts, three playgrounds, pavilions, gazebo, splash pad in warm weather, a fishing pond, a small, kid-friendly creek, soccer games o",No,Yes,Yes
Winchester Park,Murray,84123,4,Its City,"https://www.google.com/maps/dir/?api=1&destination=40.63132121000007,-111.92444891599996",Yes,No,No,Yes,Yes,No,No,No,Yes,Yes,No,Yes,No,No,No,No,No,No,No,Yes,No,No,No,40.63132121000007,-111.92444891599996,"This park is small and is right along the Jordan River Parkway. It has a spot for launching canoes and a reservable pavilion that seats 100. Pavilion has 4 outlets, 12 tables, and 2 grills.",No,Yes,Yes
Woodledge Park,West Valley City,84120,1,Its City,"https://www.google.com/maps/dir/?api=1&destination=40.67705427800007,-112.01579988299994",No,No,No,Yes,Yes,No,No,No,No,Yes,No,No,No,No,No,No,No,No,No,No,No,No,No,40.67705427800007,-112.01579988299994,"Two rundown tennis courts without nets, one has a basketball hoop installed. This is a cute park that needs some love. ",No,Yes,Yes
Woodstock Meadows Park,Murray,84121,4,Its City,"https://www.google.com/maps/dir/?api=1&destination=40.645206306000034,-111.86266124699995",Yes,No,No,No,Yes,No,No,No,No,Yes,No,No,No,No,No,No,No,No,No,Yes,No,No,No,40.645206306000034,-111.86266124699995,What a cute neighborhood park with a lovely walking path for a morning jog or dog walk.,No,No,Yes
WW2 Memorial Park,Taylorsville,84123,2,Salt Lake County,"https://www.google.com/maps/dir/?api=1&destination=40.66458583700006,-111.93299889599996",No,No,No,No,No,No,No,No,No,No,No,Yes,No,No,Yes,No,Yes,No,No,Yes,No,No,No,40.66458583700006,-111.93299889599996,Heads up: Bring your own volleyball net. Little park right on the Jordan River Trail.,No,Yes,No
Wyngate Park,South Jordan,84095,3,Its City,"https://www.google.com/maps/dir/?api=1&destination=40.553881561000026,-111.93615032899999",No,No,No,No,No,No,No,No,No,Yes,No,No,No,No,No,No,No,No,No,No,No,No,No,40.553881561000026,-111.93615032899999,,No,No,Yes
Yorkshire Park,South Jordan,84009,3,Its City,"https://www.google.com/maps/dir/?api=1&destination=40.56608590500008,-111.98902906699999",No,No,No,No,No,No,No,No,Yes,Yes,No,No,No,No,No,No,No,No,No,No,No,No,No,40.56608590500008,-111.98902906699999,,No,No,No
Yukon Park,Herriman,84096,2,Its City,"https://www.google.com/maps/dir/?api=1&destination=40.52941081200004,-112.02483553599996",No,No,No,No,No,No,No,No,No,Yes,No,No,No,No,No,No,No,No,No,No,No,No,No,40.52941081200004,-112.02483553599996,,No,No,No
